{
  "type": "FeatureCollection",
  "_note": "Les vingt-cinq expéditions préconçues, tracées. La géométrie porte un ordre — c'est l'objet même d'un patron. Vingt-cinq ordres alternatifs ne disent ni lequel sera suivi, ni quand : c'est ce qui les distingue de l'itinéraire réel, publié seulement en rétrospective.",
  "_saison": "La saison favorable décrit une contrainte climatique du parcours, pas un départ. Aucune année n'est dite, aucun patron n'est retenu.",
  "features": [
    {
      "type": "Feature",
      "geometry": {
        "type": "LineString",
        "coordinates": [
          [
            2.35,
            48.86
          ],
          [
            -4.49,
            48.24
          ],
          [
            -4.42,
            47.9
          ],
          [
            -3.08,
            47.58
          ],
          [
            -2.21,
            47.27
          ],
          [
            -0.96,
            45.94
          ],
          [
            -1.21,
            44.59
          ],
          [
            -1.42,
            43.67
          ],
          [
            -1.66,
            43.39
          ],
          [
            0.15,
            43.05
          ],
          [
            -4.75,
            43.42
          ],
          [
            -9.26,
            42.91
          ],
          [
            -8.2,
            41.75
          ],
          [
            -7.55,
            41.19
          ],
          [
            -7.61,
            40.32
          ],
          [
            -7.38,
            38.44
          ],
          [
            -8.78,
            37.72
          ],
          [
            -8.93,
            37.02
          ],
          [
            -5.37,
            36.76
          ],
          [
            -4.85,
            38.4
          ],
          [
            -3.85,
            37.55
          ],
          [
            -2.2,
            36.78
          ],
          [
            0.73,
            40.72
          ],
          [
            2.03,
            42.5
          ],
          [
            6.8,
            44.7
          ],
          [
            6.62,
            44.92
          ],
          [
            7.05,
            45.13
          ],
          [
            9.61,
            44.17
          ],
          [
            11.62,
            43.06
          ],
          [
            12.5,
            41.9
          ],
          [
            15.15,
            40.35
          ],
          [
            15.85,
            38.65
          ],
          [
            13.36,
            38.12
          ],
          [
            16.61,
            40.67
          ],
          [
            17.9,
            40.35
          ],
          [
            12.58,
            43.35
          ],
          [
            13.56,
            42.44
          ],
          [
            13.6,
            43.55
          ],
          [
            12.33,
            45.44
          ],
          [
            11.68,
            46.55
          ],
          [
            13.55,
            46.34
          ],
          [
            13.64,
            45.08
          ],
          [
            15.98,
            45.81
          ],
          [
            15.23,
            44.12
          ],
          [
            16.44,
            43.51
          ],
          [
            17.81,
            43.34
          ],
          [
            18.77,
            42.43
          ],
          [
            19.99,
            40.08
          ],
          [
            20.85,
            39.9
          ],
          [
            21.63,
            39.71
          ],
          [
            23.73,
            37.98
          ],
          [
            22.38,
            36.67
          ],
          [
            22.94,
            40.64
          ],
          [
            28.98,
            41.01
          ],
          [
            26.56,
            41.68
          ],
          [
            24.75,
            42.14
          ],
          [
            20.8,
            41.12
          ],
          [
            20.46,
            44.79
          ],
          [
            21.15,
            47.58
          ],
          [
            19.04,
            47.5
          ],
          [
            15.44,
            47.07
          ],
          [
            16.61,
            49.2
          ],
          [
            19.95,
            49.3
          ],
          [
            23.85,
            52.7
          ],
          [
            21.01,
            52.23
          ],
          [
            21.14,
            55.71
          ],
          [
            24.11,
            56.95
          ],
          [
            24.5,
            58.39
          ],
          [
            24.94,
            60.17
          ],
          [
            28.88,
            61.87
          ],
          [
            21.62,
            63.1
          ],
          [
            27.03,
            68.91
          ],
          [
            25.13,
            70.54
          ],
          [
            17.5,
            69.35
          ],
          [
            13.6,
            68.15
          ],
          [
            7.69,
            62.57
          ],
          [
            7.07,
            60.47
          ],
          [
            6.2,
            58.99
          ],
          [
            10.75,
            59.91
          ],
          [
            12.7,
            61.55
          ],
          [
            18.07,
            59.33
          ],
          [
            11.23,
            58.35
          ],
          [
            14.25,
            55.58
          ],
          [
            12.57,
            55.68
          ],
          [
            12.3,
            54.97
          ],
          [
            8.4,
            56.95
          ],
          [
            9.99,
            53.55
          ],
          [
            5.8,
            53.2
          ],
          [
            4.9,
            52.37
          ],
          [
            4.4,
            51.22
          ],
          [
            5.6,
            50.1
          ],
          [
            4.3,
            50.45
          ],
          [
            4.35,
            50.85
          ],
          [
            2.9,
            51.05
          ],
          [
            0.9,
            51.15
          ],
          [
            -0.1,
            51.51
          ],
          [
            0.6,
            52.6
          ],
          [
            -2.1,
            52.6
          ],
          [
            -1.61,
            54.97
          ],
          [
            -4.25,
            55.86
          ],
          [
            -5.5,
            57.3
          ],
          [
            -6.8,
            58
          ],
          [
            -3,
            58.98
          ],
          [
            -3.1,
            54.5
          ],
          [
            -2.7,
            53.45
          ],
          [
            -6.2,
            54.75
          ],
          [
            -9.5,
            53.45
          ],
          [
            -6.26,
            53.35
          ],
          [
            -4.08,
            53.07
          ],
          [
            -3.4,
            51.7
          ],
          [
            -5.05,
            50.26
          ],
          [
            1.6,
            50.2
          ],
          [
            2.35,
            48.86
          ]
        ]
      },
      "properties": {
        "id": "complet",
        "titre": "Vingt-quatre mois — le parcours intégral",
        "duree_mois": 24,
        "duree_jours": 727,
        "destinations": 113,
        "km_route": 40224,
        "km_moto": 5194,
        "heures_conduite": 619,
        "traversees": 8,
        "traversees_nommees": [
          "Dunkerque — Douvres",
          "Uig — Tarbert",
          "Birkenhead — Belfast",
          "Dublin — Holyhead",
          "Portsmouth — Le Havre",
          "Tallinn — Helsinki",
          "Villa San Giovanni — Messine",
          "Messine — Villa San Giovanni"
        ],
        "saison_favorable": "octobre — au prix de 101 jours hors fenêtre (s8_nordique)"
      }
    },
    {
      "type": "Feature",
      "geometry": {
        "type": "LineString",
        "coordinates": [
          [
            2.35,
            48.86
          ],
          [
            -4.49,
            48.24
          ],
          [
            -4.42,
            47.9
          ],
          [
            -3.08,
            47.58
          ],
          [
            -2.21,
            47.27
          ],
          [
            -0.96,
            45.94
          ],
          [
            -1.21,
            44.59
          ],
          [
            -1.42,
            43.67
          ],
          [
            -1.66,
            43.39
          ],
          [
            0.15,
            43.05
          ],
          [
            -4.75,
            43.42
          ],
          [
            -9.26,
            42.91
          ],
          [
            -8.2,
            41.75
          ],
          [
            -7.55,
            41.19
          ],
          [
            -7.61,
            40.32
          ],
          [
            -7.38,
            38.44
          ],
          [
            -8.78,
            37.72
          ],
          [
            -8.93,
            37.02
          ],
          [
            -5.37,
            36.76
          ],
          [
            -4.85,
            38.4
          ],
          [
            -3.85,
            37.55
          ],
          [
            -2.2,
            36.78
          ],
          [
            0.73,
            40.72
          ],
          [
            2.03,
            42.5
          ],
          [
            6.8,
            44.7
          ],
          [
            6.62,
            44.92
          ],
          [
            7.05,
            45.13
          ],
          [
            9.61,
            44.17
          ],
          [
            11.62,
            43.06
          ],
          [
            12.5,
            41.9
          ],
          [
            15.15,
            40.35
          ],
          [
            15.85,
            38.65
          ],
          [
            13.36,
            38.12
          ],
          [
            16.61,
            40.67
          ],
          [
            17.9,
            40.35
          ],
          [
            12.58,
            43.35
          ],
          [
            13.56,
            42.44
          ],
          [
            13.6,
            43.55
          ],
          [
            12.33,
            45.44
          ],
          [
            11.68,
            46.55
          ],
          [
            13.55,
            46.34
          ],
          [
            13.64,
            45.08
          ],
          [
            15.98,
            45.81
          ],
          [
            15.23,
            44.12
          ],
          [
            16.44,
            43.51
          ],
          [
            17.81,
            43.34
          ],
          [
            18.77,
            42.43
          ],
          [
            19.99,
            40.08
          ],
          [
            20.85,
            39.9
          ],
          [
            21.63,
            39.71
          ],
          [
            23.73,
            37.98
          ],
          [
            22.38,
            36.67
          ],
          [
            22.94,
            40.64
          ],
          [
            28.98,
            41.01
          ],
          [
            26.56,
            41.68
          ],
          [
            24.75,
            42.14
          ],
          [
            20.8,
            41.12
          ],
          [
            20.46,
            44.79
          ],
          [
            2.35,
            48.86
          ]
        ]
      },
      "properties": {
        "id": "t12_latin",
        "titre": "Douze mois — l’Europe latine, la Grèce, Istanbul et le retour balkanique",
        "duree_mois": 12,
        "duree_jours": 360,
        "destinations": 59,
        "km_route": 21204,
        "km_moto": 2453,
        "heures_conduite": 326,
        "traversees": 2,
        "traversees_nommees": [
          "Villa San Giovanni — Messine",
          "Messine — Villa San Giovanni"
        ],
        "saison_favorable": "septembre — au prix de 20 jours hors fenêtre (s4_italie)"
      }
    },
    {
      "type": "Feature",
      "geometry": {
        "type": "LineString",
        "coordinates": [
          [
            2.35,
            48.86
          ],
          [
            13.55,
            46.34
          ],
          [
            13.64,
            45.08
          ],
          [
            15.98,
            45.81
          ],
          [
            15.23,
            44.12
          ],
          [
            16.44,
            43.51
          ],
          [
            17.81,
            43.34
          ],
          [
            18.77,
            42.43
          ],
          [
            19.99,
            40.08
          ],
          [
            20.85,
            39.9
          ],
          [
            21.63,
            39.71
          ],
          [
            23.73,
            37.98
          ],
          [
            22.38,
            36.67
          ],
          [
            22.94,
            40.64
          ],
          [
            28.98,
            41.01
          ],
          [
            26.56,
            41.68
          ],
          [
            24.75,
            42.14
          ],
          [
            20.8,
            41.12
          ],
          [
            20.46,
            44.79
          ],
          [
            21.15,
            47.58
          ],
          [
            19.04,
            47.5
          ],
          [
            15.44,
            47.07
          ],
          [
            16.61,
            49.2
          ],
          [
            19.95,
            49.3
          ],
          [
            23.85,
            52.7
          ],
          [
            21.01,
            52.23
          ],
          [
            21.14,
            55.71
          ],
          [
            24.11,
            56.95
          ],
          [
            24.5,
            58.39
          ],
          [
            24.94,
            60.17
          ],
          [
            28.88,
            61.87
          ],
          [
            21.62,
            63.1
          ],
          [
            27.03,
            68.91
          ],
          [
            25.13,
            70.54
          ],
          [
            17.5,
            69.35
          ],
          [
            13.6,
            68.15
          ],
          [
            7.69,
            62.57
          ],
          [
            7.07,
            60.47
          ],
          [
            6.2,
            58.99
          ],
          [
            10.75,
            59.91
          ],
          [
            12.7,
            61.55
          ],
          [
            18.07,
            59.33
          ],
          [
            11.23,
            58.35
          ],
          [
            14.25,
            55.58
          ],
          [
            12.57,
            55.68
          ],
          [
            12.3,
            54.97
          ],
          [
            8.4,
            56.95
          ],
          [
            9.99,
            53.55
          ],
          [
            5.8,
            53.2
          ],
          [
            4.9,
            52.37
          ],
          [
            4.4,
            51.22
          ],
          [
            5.6,
            50.1
          ],
          [
            4.3,
            50.45
          ],
          [
            4.35,
            50.85
          ],
          [
            2.9,
            51.05
          ],
          [
            1.6,
            50.2
          ],
          [
            2.35,
            48.86
          ]
        ]
      },
      "properties": {
        "id": "t12_orient",
        "titre": "Douze mois — de l'Adriatique au cap Nord, retour par la mer du Nord",
        "duree_mois": 12,
        "duree_jours": 365,
        "destinations": 57,
        "km_route": 23604,
        "km_moto": 2405,
        "heures_conduite": 363,
        "traversees": 1,
        "traversees_nommees": [
          "Tallinn — Helsinki"
        ],
        "saison_favorable": "janvier — au prix de 44 jours hors fenêtre (s5_adriatique)"
      }
    },
    {
      "type": "Feature",
      "geometry": {
        "type": "LineString",
        "coordinates": [
          [
            2.35,
            48.86
          ],
          [
            -4.49,
            48.24
          ],
          [
            -4.42,
            47.9
          ],
          [
            -3.08,
            47.58
          ],
          [
            -2.21,
            47.27
          ],
          [
            -0.96,
            45.94
          ],
          [
            -1.21,
            44.59
          ],
          [
            -1.42,
            43.67
          ],
          [
            -1.66,
            43.39
          ],
          [
            0.15,
            43.05
          ],
          [
            -4.75,
            43.42
          ],
          [
            -9.26,
            42.91
          ],
          [
            -8.2,
            41.75
          ],
          [
            -7.55,
            41.19
          ],
          [
            -7.61,
            40.32
          ],
          [
            -7.38,
            38.44
          ],
          [
            -8.78,
            37.72
          ],
          [
            -8.93,
            37.02
          ],
          [
            -5.37,
            36.76
          ],
          [
            -4.85,
            38.4
          ],
          [
            -3.85,
            37.55
          ],
          [
            -2.2,
            36.78
          ],
          [
            0.73,
            40.72
          ],
          [
            14.25,
            55.58
          ],
          [
            12.57,
            55.68
          ],
          [
            12.3,
            54.97
          ],
          [
            8.4,
            56.95
          ],
          [
            9.99,
            53.55
          ],
          [
            5.8,
            53.2
          ],
          [
            4.9,
            52.37
          ],
          [
            4.4,
            51.22
          ],
          [
            5.6,
            50.1
          ],
          [
            4.3,
            50.45
          ],
          [
            4.35,
            50.85
          ],
          [
            2.9,
            51.05
          ],
          [
            0.9,
            51.15
          ],
          [
            -0.1,
            51.51
          ],
          [
            0.6,
            52.6
          ],
          [
            -2.1,
            52.6
          ],
          [
            -1.61,
            54.97
          ],
          [
            -4.25,
            55.86
          ],
          [
            -5.5,
            57.3
          ],
          [
            -6.8,
            58
          ],
          [
            -3,
            58.98
          ],
          [
            -3.1,
            54.5
          ],
          [
            -2.7,
            53.45
          ],
          [
            -6.2,
            54.75
          ],
          [
            -9.5,
            53.45
          ],
          [
            -6.26,
            53.35
          ],
          [
            -4.08,
            53.07
          ],
          [
            -3.4,
            51.7
          ],
          [
            -5.05,
            50.26
          ],
          [
            1.6,
            50.2
          ],
          [
            2.35,
            48.86
          ]
        ]
      },
      "properties": {
        "id": "t12_ponant",
        "titre": "Douze mois — l'Atlantique, l'Ibérie et les îles",
        "duree_mois": 12,
        "duree_jours": 361,
        "destinations": 54,
        "km_route": 17702,
        "km_moto": 2690,
        "heures_conduite": 272,
        "traversees": 5,
        "traversees_nommees": [
          "Dunkerque — Douvres",
          "Uig — Tarbert",
          "Birkenhead — Belfast",
          "Dublin — Holyhead",
          "Portsmouth — Le Havre"
        ],
        "saison_favorable": "novembre"
      }
    },
    {
      "type": "Feature",
      "geometry": {
        "type": "LineString",
        "coordinates": [
          [
            2.35,
            48.86
          ],
          [
            -4.49,
            48.24
          ],
          [
            -4.42,
            47.9
          ],
          [
            -3.08,
            47.58
          ],
          [
            -2.21,
            47.27
          ],
          [
            -0.96,
            45.94
          ],
          [
            -1.21,
            44.59
          ],
          [
            -1.42,
            43.67
          ],
          [
            -1.66,
            43.39
          ],
          [
            0.15,
            43.05
          ],
          [
            -4.75,
            43.42
          ],
          [
            -9.26,
            42.91
          ],
          [
            -8.2,
            41.75
          ],
          [
            -7.55,
            41.19
          ],
          [
            -7.61,
            40.32
          ],
          [
            -7.38,
            38.44
          ],
          [
            -8.78,
            37.72
          ],
          [
            -8.93,
            37.02
          ],
          [
            -5.37,
            36.76
          ],
          [
            -4.85,
            38.4
          ],
          [
            -3.85,
            37.55
          ],
          [
            -2.2,
            36.78
          ],
          [
            0.73,
            40.72
          ],
          [
            2.03,
            42.5
          ],
          [
            6.8,
            44.7
          ],
          [
            6.62,
            44.92
          ],
          [
            7.05,
            45.13
          ],
          [
            9.61,
            44.17
          ],
          [
            11.62,
            43.06
          ],
          [
            12.5,
            41.9
          ],
          [
            15.15,
            40.35
          ],
          [
            15.85,
            38.65
          ],
          [
            13.36,
            38.12
          ],
          [
            16.61,
            40.67
          ],
          [
            17.9,
            40.35
          ],
          [
            12.58,
            43.35
          ],
          [
            13.56,
            42.44
          ],
          [
            13.6,
            43.55
          ],
          [
            12.33,
            45.44
          ],
          [
            11.68,
            46.55
          ],
          [
            13.55,
            46.34
          ],
          [
            13.64,
            45.08
          ],
          [
            15.98,
            45.81
          ],
          [
            15.23,
            44.12
          ],
          [
            16.44,
            43.51
          ],
          [
            17.81,
            43.34
          ],
          [
            18.77,
            42.43
          ],
          [
            19.99,
            40.08
          ],
          [
            20.85,
            39.9
          ],
          [
            21.63,
            39.71
          ],
          [
            23.73,
            37.98
          ],
          [
            22.38,
            36.67
          ],
          [
            22.94,
            40.64
          ],
          [
            28.98,
            41.01
          ],
          [
            26.56,
            41.68
          ],
          [
            24.75,
            42.14
          ],
          [
            20.8,
            41.12
          ],
          [
            20.46,
            44.79
          ],
          [
            21.15,
            47.58
          ],
          [
            19.04,
            47.5
          ],
          [
            15.44,
            47.07
          ],
          [
            16.61,
            49.2
          ],
          [
            19.95,
            49.3
          ],
          [
            23.85,
            52.7
          ],
          [
            21.01,
            52.23
          ],
          [
            21.14,
            55.71
          ],
          [
            24.11,
            56.95
          ],
          [
            24.5,
            58.39
          ],
          [
            24.94,
            60.17
          ],
          [
            28.88,
            61.87
          ],
          [
            21.62,
            63.1
          ],
          [
            27.03,
            68.91
          ],
          [
            25.13,
            70.54
          ],
          [
            17.5,
            69.35
          ],
          [
            13.6,
            68.15
          ],
          [
            7.69,
            62.57
          ],
          [
            7.07,
            60.47
          ],
          [
            6.2,
            58.99
          ],
          [
            10.75,
            59.91
          ],
          [
            12.7,
            61.55
          ],
          [
            18.07,
            59.33
          ],
          [
            11.23,
            58.35
          ],
          [
            14.25,
            55.58
          ],
          [
            12.57,
            55.68
          ],
          [
            12.3,
            54.97
          ],
          [
            8.4,
            56.95
          ],
          [
            9.99,
            53.55
          ],
          [
            5.8,
            53.2
          ],
          [
            4.9,
            52.37
          ],
          [
            4.4,
            51.22
          ],
          [
            5.6,
            50.1
          ],
          [
            4.3,
            50.45
          ],
          [
            4.35,
            50.85
          ],
          [
            2.9,
            51.05
          ],
          [
            1.6,
            50.2
          ],
          [
            2.35,
            48.86
          ]
        ]
      },
      "properties": {
        "id": "t15_continental",
        "titre": "Quinze mois — le continent sans les îles",
        "duree_mois": 15,
        "duree_jours": 451,
        "destinations": 96,
        "km_route": 34999,
        "km_moto": 3257,
        "heures_conduite": 538,
        "traversees": 3,
        "traversees_nommees": [
          "Tallinn — Helsinki",
          "Villa San Giovanni — Messine",
          "Messine — Villa San Giovanni"
        ],
        "saison_favorable": "octobre — au prix de 36 jours hors fenêtre (s4_italie)"
      }
    },
    {
      "type": "Feature",
      "geometry": {
        "type": "LineString",
        "coordinates": [
          [
            2.35,
            48.86
          ],
          [
            -4.49,
            48.24
          ],
          [
            -4.42,
            47.9
          ],
          [
            -3.08,
            47.58
          ],
          [
            -2.21,
            47.27
          ],
          [
            -0.96,
            45.94
          ],
          [
            -1.21,
            44.59
          ],
          [
            -1.42,
            43.67
          ],
          [
            -1.66,
            43.39
          ],
          [
            0.15,
            43.05
          ],
          [
            -4.75,
            43.42
          ],
          [
            -9.26,
            42.91
          ],
          [
            -8.2,
            41.75
          ],
          [
            -7.55,
            41.19
          ],
          [
            -7.61,
            40.32
          ],
          [
            -7.38,
            38.44
          ],
          [
            -8.78,
            37.72
          ],
          [
            -8.93,
            37.02
          ],
          [
            -5.37,
            36.76
          ],
          [
            -4.85,
            38.4
          ],
          [
            -3.85,
            37.55
          ],
          [
            -2.2,
            36.78
          ],
          [
            0.73,
            40.72
          ],
          [
            2.03,
            42.5
          ],
          [
            6.8,
            44.7
          ],
          [
            6.62,
            44.92
          ],
          [
            7.05,
            45.13
          ],
          [
            9.61,
            44.17
          ],
          [
            11.62,
            43.06
          ],
          [
            12.5,
            41.9
          ],
          [
            15.15,
            40.35
          ],
          [
            15.85,
            38.65
          ],
          [
            13.36,
            38.12
          ],
          [
            16.61,
            40.67
          ],
          [
            17.9,
            40.35
          ],
          [
            12.58,
            43.35
          ],
          [
            13.56,
            42.44
          ],
          [
            13.6,
            43.55
          ],
          [
            12.33,
            45.44
          ],
          [
            11.68,
            46.55
          ],
          [
            15.44,
            47.07
          ],
          [
            16.61,
            49.2
          ],
          [
            19.95,
            49.3
          ],
          [
            23.85,
            52.7
          ],
          [
            21.01,
            52.23
          ],
          [
            21.14,
            55.71
          ],
          [
            24.11,
            56.95
          ],
          [
            24.5,
            58.39
          ],
          [
            24.94,
            60.17
          ],
          [
            28.88,
            61.87
          ],
          [
            21.62,
            63.1
          ],
          [
            27.03,
            68.91
          ],
          [
            25.13,
            70.54
          ],
          [
            17.5,
            69.35
          ],
          [
            13.6,
            68.15
          ],
          [
            7.69,
            62.57
          ],
          [
            7.07,
            60.47
          ],
          [
            6.2,
            58.99
          ],
          [
            10.75,
            59.91
          ],
          [
            12.7,
            61.55
          ],
          [
            18.07,
            59.33
          ],
          [
            11.23,
            58.35
          ],
          [
            14.25,
            55.58
          ],
          [
            12.57,
            55.68
          ],
          [
            12.3,
            54.97
          ],
          [
            8.4,
            56.95
          ],
          [
            9.99,
            53.55
          ],
          [
            5.8,
            53.2
          ],
          [
            4.9,
            52.37
          ],
          [
            4.4,
            51.22
          ],
          [
            5.6,
            50.1
          ],
          [
            4.3,
            50.45
          ],
          [
            4.35,
            50.85
          ],
          [
            2.9,
            51.05
          ],
          [
            1.6,
            50.2
          ],
          [
            2.35,
            48.86
          ]
        ]
      },
      "properties": {
        "id": "t15_ouest_et_nord",
        "titre": "Quinze mois — la grande boucle continentale",
        "duree_mois": 15,
        "duree_jours": 455,
        "destinations": 76,
        "km_route": 27746,
        "km_moto": 3071,
        "heures_conduite": 427,
        "traversees": 3,
        "traversees_nommees": [
          "Tallinn — Helsinki",
          "Villa San Giovanni — Messine",
          "Messine — Villa San Giovanni"
        ],
        "saison_favorable": "octobre — au prix de 3 jours hors fenêtre (s9_continent)"
      }
    },
    {
      "type": "Feature",
      "geometry": {
        "type": "LineString",
        "coordinates": [
          [
            2.35,
            48.86
          ],
          [
            -4.49,
            48.24
          ],
          [
            -4.42,
            47.9
          ],
          [
            -3.08,
            47.58
          ],
          [
            -2.21,
            47.27
          ],
          [
            -0.96,
            45.94
          ],
          [
            -1.21,
            44.59
          ],
          [
            -1.42,
            43.67
          ],
          [
            -1.66,
            43.39
          ],
          [
            0.15,
            43.05
          ],
          [
            -4.75,
            43.42
          ],
          [
            -9.26,
            42.91
          ],
          [
            -8.2,
            41.75
          ],
          [
            -7.55,
            41.19
          ],
          [
            -7.61,
            40.32
          ],
          [
            -7.38,
            38.44
          ],
          [
            -8.78,
            37.72
          ],
          [
            -8.93,
            37.02
          ],
          [
            -5.37,
            36.76
          ],
          [
            -4.85,
            38.4
          ],
          [
            -3.85,
            37.55
          ],
          [
            -2.2,
            36.78
          ],
          [
            0.73,
            40.72
          ],
          [
            2.03,
            42.5
          ],
          [
            6.8,
            44.7
          ],
          [
            6.62,
            44.92
          ],
          [
            7.05,
            45.13
          ],
          [
            9.61,
            44.17
          ],
          [
            11.62,
            43.06
          ],
          [
            12.5,
            41.9
          ],
          [
            15.15,
            40.35
          ],
          [
            15.85,
            38.65
          ],
          [
            13.36,
            38.12
          ],
          [
            16.61,
            40.67
          ],
          [
            17.9,
            40.35
          ],
          [
            12.58,
            43.35
          ],
          [
            13.56,
            42.44
          ],
          [
            13.6,
            43.55
          ],
          [
            12.33,
            45.44
          ],
          [
            11.68,
            46.55
          ],
          [
            13.55,
            46.34
          ],
          [
            13.64,
            45.08
          ],
          [
            15.98,
            45.81
          ],
          [
            15.23,
            44.12
          ],
          [
            16.44,
            43.51
          ],
          [
            17.81,
            43.34
          ],
          [
            18.77,
            42.43
          ],
          [
            19.99,
            40.08
          ],
          [
            20.85,
            39.9
          ],
          [
            21.63,
            39.71
          ],
          [
            23.73,
            37.98
          ],
          [
            22.38,
            36.67
          ],
          [
            22.94,
            40.64
          ],
          [
            28.98,
            41.01
          ],
          [
            26.56,
            41.68
          ],
          [
            24.75,
            42.14
          ],
          [
            20.8,
            41.12
          ],
          [
            20.46,
            44.79
          ],
          [
            21.15,
            47.58
          ],
          [
            19.04,
            47.5
          ],
          [
            15.44,
            47.07
          ],
          [
            16.61,
            49.2
          ],
          [
            19.95,
            49.3
          ],
          [
            23.85,
            52.7
          ],
          [
            21.01,
            52.23
          ],
          [
            21.14,
            55.71
          ],
          [
            24.11,
            56.95
          ],
          [
            24.5,
            58.39
          ],
          [
            24.94,
            60.17
          ],
          [
            28.88,
            61.87
          ],
          [
            21.62,
            63.1
          ],
          [
            27.03,
            68.91
          ],
          [
            2.35,
            48.86
          ]
        ]
      },
      "properties": {
        "id": "t15_sud_et_orient",
        "titre": "Quinze mois — tout le sud, l'est et la Finlande",
        "duree_mois": 15,
        "duree_jours": 452,
        "destinations": 73,
        "km_route": 29525,
        "km_moto": 2978,
        "heures_conduite": 454,
        "traversees": 3,
        "traversees_nommees": [
          "Tallinn — Helsinki",
          "Villa San Giovanni — Messine",
          "Messine — Villa San Giovanni"
        ],
        "saison_favorable": "septembre — au prix de 26 jours hors fenêtre (s4_italie)"
      }
    },
    {
      "type": "Feature",
      "geometry": {
        "type": "LineString",
        "coordinates": [
          [
            2.35,
            48.86
          ],
          [
            -4.49,
            48.24
          ],
          [
            -4.42,
            47.9
          ],
          [
            -3.08,
            47.58
          ],
          [
            -2.21,
            47.27
          ],
          [
            -0.96,
            45.94
          ],
          [
            -1.21,
            44.59
          ],
          [
            -1.42,
            43.67
          ],
          [
            -1.66,
            43.39
          ],
          [
            0.15,
            43.05
          ],
          [
            2.03,
            42.5
          ],
          [
            6.8,
            44.7
          ],
          [
            6.62,
            44.92
          ],
          [
            7.05,
            45.13
          ],
          [
            9.61,
            44.17
          ],
          [
            11.62,
            43.06
          ],
          [
            12.5,
            41.9
          ],
          [
            15.15,
            40.35
          ],
          [
            15.85,
            38.65
          ],
          [
            13.36,
            38.12
          ],
          [
            16.61,
            40.67
          ],
          [
            17.9,
            40.35
          ],
          [
            12.58,
            43.35
          ],
          [
            13.56,
            42.44
          ],
          [
            13.6,
            43.55
          ],
          [
            12.33,
            45.44
          ],
          [
            11.68,
            46.55
          ],
          [
            13.55,
            46.34
          ],
          [
            13.64,
            45.08
          ],
          [
            15.98,
            45.81
          ],
          [
            15.23,
            44.12
          ],
          [
            16.44,
            43.51
          ],
          [
            17.81,
            43.34
          ],
          [
            18.77,
            42.43
          ],
          [
            19.99,
            40.08
          ],
          [
            20.85,
            39.9
          ],
          [
            21.63,
            39.71
          ],
          [
            23.73,
            37.98
          ],
          [
            22.38,
            36.67
          ],
          [
            22.94,
            40.64
          ],
          [
            28.98,
            41.01
          ],
          [
            26.56,
            41.68
          ],
          [
            24.75,
            42.14
          ],
          [
            20.8,
            41.12
          ],
          [
            20.46,
            44.79
          ],
          [
            21.15,
            47.58
          ],
          [
            19.04,
            47.5
          ],
          [
            15.44,
            47.07
          ],
          [
            16.61,
            49.2
          ],
          [
            19.95,
            49.3
          ],
          [
            23.85,
            52.7
          ],
          [
            21.01,
            52.23
          ],
          [
            21.14,
            55.71
          ],
          [
            24.11,
            56.95
          ],
          [
            24.5,
            58.39
          ],
          [
            24.94,
            60.17
          ],
          [
            28.88,
            61.87
          ],
          [
            21.62,
            63.1
          ],
          [
            27.03,
            68.91
          ],
          [
            25.13,
            70.54
          ],
          [
            17.5,
            69.35
          ],
          [
            13.6,
            68.15
          ],
          [
            7.69,
            62.57
          ],
          [
            7.07,
            60.47
          ],
          [
            6.2,
            58.99
          ],
          [
            10.75,
            59.91
          ],
          [
            12.7,
            61.55
          ],
          [
            18.07,
            59.33
          ],
          [
            11.23,
            58.35
          ],
          [
            14.25,
            55.58
          ],
          [
            12.57,
            55.68
          ],
          [
            12.3,
            54.97
          ],
          [
            8.4,
            56.95
          ],
          [
            9.99,
            53.55
          ],
          [
            5.8,
            53.2
          ],
          [
            4.9,
            52.37
          ],
          [
            4.4,
            51.22
          ],
          [
            5.6,
            50.1
          ],
          [
            4.3,
            50.45
          ],
          [
            4.35,
            50.85
          ],
          [
            2.9,
            51.05
          ],
          [
            0.9,
            51.15
          ],
          [
            -0.1,
            51.51
          ],
          [
            0.6,
            52.6
          ],
          [
            -2.1,
            52.6
          ],
          [
            -1.61,
            54.97
          ],
          [
            -4.25,
            55.86
          ],
          [
            -5.5,
            57.3
          ],
          [
            -6.8,
            58
          ],
          [
            -3,
            58.98
          ],
          [
            -3.1,
            54.5
          ],
          [
            -2.7,
            53.45
          ],
          [
            -6.2,
            54.75
          ],
          [
            -9.5,
            53.45
          ],
          [
            -6.26,
            53.35
          ],
          [
            -4.08,
            53.07
          ],
          [
            -3.4,
            51.7
          ],
          [
            -5.05,
            50.26
          ],
          [
            1.6,
            50.2
          ],
          [
            2.35,
            48.86
          ]
        ]
      },
      "properties": {
        "id": "t18_sans_iberie",
        "titre": "Dix-huit mois — sans la péninsule Ibérique",
        "duree_mois": 18,
        "duree_jours": 547,
        "destinations": 100,
        "km_route": 35720,
        "km_moto": 4225,
        "heures_conduite": 550,
        "traversees": 8,
        "traversees_nommees": [
          "Dunkerque — Douvres",
          "Uig — Tarbert",
          "Birkenhead — Belfast",
          "Dublin — Holyhead",
          "Portsmouth — Le Havre",
          "Tallinn — Helsinki",
          "Villa San Giovanni — Messine",
          "Messine — Villa San Giovanni"
        ],
        "saison_favorable": "février — au prix de 97 jours hors fenêtre (s8_nordique)"
      }
    },
    {
      "type": "Feature",
      "geometry": {
        "type": "LineString",
        "coordinates": [
          [
            2.35,
            48.86
          ],
          [
            -4.49,
            48.24
          ],
          [
            -4.42,
            47.9
          ],
          [
            -3.08,
            47.58
          ],
          [
            -2.21,
            47.27
          ],
          [
            -0.96,
            45.94
          ],
          [
            -1.21,
            44.59
          ],
          [
            -1.42,
            43.67
          ],
          [
            -1.66,
            43.39
          ],
          [
            0.15,
            43.05
          ],
          [
            -4.75,
            43.42
          ],
          [
            -9.26,
            42.91
          ],
          [
            -8.2,
            41.75
          ],
          [
            -7.55,
            41.19
          ],
          [
            -7.61,
            40.32
          ],
          [
            -7.38,
            38.44
          ],
          [
            -8.78,
            37.72
          ],
          [
            -8.93,
            37.02
          ],
          [
            -5.37,
            36.76
          ],
          [
            -4.85,
            38.4
          ],
          [
            -3.85,
            37.55
          ],
          [
            -2.2,
            36.78
          ],
          [
            0.73,
            40.72
          ],
          [
            2.03,
            42.5
          ],
          [
            6.8,
            44.7
          ],
          [
            6.62,
            44.92
          ],
          [
            7.05,
            45.13
          ],
          [
            9.61,
            44.17
          ],
          [
            11.62,
            43.06
          ],
          [
            12.5,
            41.9
          ],
          [
            15.15,
            40.35
          ],
          [
            15.85,
            38.65
          ],
          [
            13.36,
            38.12
          ],
          [
            16.61,
            40.67
          ],
          [
            17.9,
            40.35
          ],
          [
            12.58,
            43.35
          ],
          [
            13.56,
            42.44
          ],
          [
            13.6,
            43.55
          ],
          [
            12.33,
            45.44
          ],
          [
            11.68,
            46.55
          ],
          [
            13.55,
            46.34
          ],
          [
            13.64,
            45.08
          ],
          [
            15.98,
            45.81
          ],
          [
            15.23,
            44.12
          ],
          [
            16.44,
            43.51
          ],
          [
            17.81,
            43.34
          ],
          [
            18.77,
            42.43
          ],
          [
            19.99,
            40.08
          ],
          [
            20.85,
            39.9
          ],
          [
            21.63,
            39.71
          ],
          [
            23.73,
            37.98
          ],
          [
            22.38,
            36.67
          ],
          [
            22.94,
            40.64
          ],
          [
            28.98,
            41.01
          ],
          [
            26.56,
            41.68
          ],
          [
            24.75,
            42.14
          ],
          [
            20.8,
            41.12
          ],
          [
            20.46,
            44.79
          ],
          [
            21.15,
            47.58
          ],
          [
            19.04,
            47.5
          ],
          [
            15.44,
            47.07
          ],
          [
            16.61,
            49.2
          ],
          [
            19.95,
            49.3
          ],
          [
            23.85,
            52.7
          ],
          [
            21.01,
            52.23
          ],
          [
            21.14,
            55.71
          ],
          [
            24.11,
            56.95
          ],
          [
            24.5,
            58.39
          ],
          [
            18.07,
            59.33
          ],
          [
            11.23,
            58.35
          ],
          [
            14.25,
            55.58
          ],
          [
            12.57,
            55.68
          ],
          [
            12.3,
            54.97
          ],
          [
            8.4,
            56.95
          ],
          [
            9.99,
            53.55
          ],
          [
            5.8,
            53.2
          ],
          [
            4.9,
            52.37
          ],
          [
            4.4,
            51.22
          ],
          [
            5.6,
            50.1
          ],
          [
            4.3,
            50.45
          ],
          [
            4.35,
            50.85
          ],
          [
            2.9,
            51.05
          ],
          [
            0.9,
            51.15
          ],
          [
            -0.1,
            51.51
          ],
          [
            0.6,
            52.6
          ],
          [
            -2.1,
            52.6
          ],
          [
            -1.61,
            54.97
          ],
          [
            -4.25,
            55.86
          ],
          [
            -5.5,
            57.3
          ],
          [
            -6.8,
            58
          ],
          [
            -3,
            58.98
          ],
          [
            -3.1,
            54.5
          ],
          [
            -2.7,
            53.45
          ],
          [
            -6.2,
            54.75
          ],
          [
            -9.5,
            53.45
          ],
          [
            -6.26,
            53.35
          ],
          [
            -4.08,
            53.07
          ],
          [
            -3.4,
            51.7
          ],
          [
            -5.05,
            50.26
          ],
          [
            1.6,
            50.2
          ],
          [
            2.35,
            48.86
          ]
        ]
      },
      "properties": {
        "id": "t18_sans_nordique",
        "titre": "Dix-huit mois — sans la Norvège ni la Finlande",
        "duree_mois": 18,
        "duree_jours": 541,
        "destinations": 101,
        "km_route": 33119,
        "km_moto": 4206,
        "heures_conduite": 510,
        "traversees": 8,
        "traversees_nommees": [
          "Dunkerque — Douvres",
          "Uig — Tarbert",
          "Birkenhead — Belfast",
          "Dublin — Holyhead",
          "Portsmouth — Le Havre",
          "Villa San Giovanni — Messine",
          "Messine — Villa San Giovanni",
          "Tallinn — Stockholm"
        ],
        "saison_favorable": "novembre — au prix de 94 jours hors fenêtre (s10_iles)"
      }
    },
    {
      "type": "Feature",
      "geometry": {
        "type": "LineString",
        "coordinates": [
          [
            2.35,
            48.86
          ],
          [
            -4.49,
            48.24
          ],
          [
            -4.42,
            47.9
          ],
          [
            -3.08,
            47.58
          ],
          [
            -2.21,
            47.27
          ],
          [
            -0.96,
            45.94
          ],
          [
            -1.21,
            44.59
          ],
          [
            -1.42,
            43.67
          ],
          [
            -1.66,
            43.39
          ],
          [
            0.15,
            43.05
          ],
          [
            -4.75,
            43.42
          ],
          [
            -9.26,
            42.91
          ],
          [
            -8.2,
            41.75
          ],
          [
            -7.55,
            41.19
          ],
          [
            -7.61,
            40.32
          ],
          [
            -7.38,
            38.44
          ],
          [
            -8.78,
            37.72
          ],
          [
            -8.93,
            37.02
          ],
          [
            -5.37,
            36.76
          ],
          [
            -4.85,
            38.4
          ],
          [
            -3.85,
            37.55
          ],
          [
            -2.2,
            36.78
          ],
          [
            0.73,
            40.72
          ],
          [
            2.03,
            42.5
          ],
          [
            6.8,
            44.7
          ],
          [
            6.62,
            44.92
          ],
          [
            7.05,
            45.13
          ],
          [
            9.61,
            44.17
          ],
          [
            11.62,
            43.06
          ],
          [
            12.5,
            41.9
          ],
          [
            15.15,
            40.35
          ],
          [
            15.85,
            38.65
          ],
          [
            13.36,
            38.12
          ],
          [
            16.61,
            40.67
          ],
          [
            17.9,
            40.35
          ],
          [
            12.58,
            43.35
          ],
          [
            13.56,
            42.44
          ],
          [
            13.6,
            43.55
          ],
          [
            12.33,
            45.44
          ],
          [
            11.68,
            46.55
          ],
          [
            13.55,
            46.34
          ],
          [
            13.64,
            45.08
          ],
          [
            15.98,
            45.81
          ],
          [
            15.23,
            44.12
          ],
          [
            16.44,
            43.51
          ],
          [
            17.81,
            43.34
          ],
          [
            18.77,
            42.43
          ],
          [
            19.99,
            40.08
          ],
          [
            20.85,
            39.9
          ],
          [
            21.63,
            39.71
          ],
          [
            23.73,
            37.98
          ],
          [
            22.38,
            36.67
          ],
          [
            22.94,
            40.64
          ],
          [
            28.98,
            41.01
          ],
          [
            26.56,
            41.68
          ],
          [
            24.75,
            42.14
          ],
          [
            20.8,
            41.12
          ],
          [
            20.46,
            44.79
          ],
          [
            21.15,
            47.58
          ],
          [
            19.04,
            47.5
          ],
          [
            15.44,
            47.07
          ],
          [
            16.61,
            49.2
          ],
          [
            19.95,
            49.3
          ],
          [
            23.85,
            52.7
          ],
          [
            21.01,
            52.23
          ],
          [
            21.14,
            55.71
          ],
          [
            24.94,
            60.17
          ],
          [
            28.88,
            61.87
          ],
          [
            21.62,
            63.1
          ],
          [
            27.03,
            68.91
          ],
          [
            25.13,
            70.54
          ],
          [
            17.5,
            69.35
          ],
          [
            13.6,
            68.15
          ],
          [
            7.69,
            62.57
          ],
          [
            7.07,
            60.47
          ],
          [
            6.2,
            58.99
          ],
          [
            10.75,
            59.91
          ],
          [
            12.7,
            61.55
          ],
          [
            18.07,
            59.33
          ],
          [
            11.23,
            58.35
          ],
          [
            14.25,
            55.58
          ],
          [
            12.57,
            55.68
          ],
          [
            12.3,
            54.97
          ],
          [
            8.4,
            56.95
          ],
          [
            9.99,
            53.55
          ],
          [
            5.8,
            53.2
          ],
          [
            4.9,
            52.37
          ],
          [
            4.4,
            51.22
          ],
          [
            5.6,
            50.1
          ],
          [
            4.3,
            50.45
          ],
          [
            4.35,
            50.85
          ],
          [
            2.9,
            51.05
          ],
          [
            0.9,
            51.15
          ],
          [
            -0.1,
            51.51
          ],
          [
            0.6,
            52.6
          ],
          [
            -2.1,
            52.6
          ],
          [
            -1.61,
            54.97
          ],
          [
            -4.25,
            55.86
          ],
          [
            -5.5,
            57.3
          ],
          [
            -6.8,
            58
          ],
          [
            -3,
            58.98
          ],
          [
            -3.1,
            54.5
          ],
          [
            -2.7,
            53.45
          ],
          [
            -6.2,
            54.75
          ],
          [
            -9.5,
            53.45
          ],
          [
            -6.26,
            53.35
          ],
          [
            -4.08,
            53.07
          ],
          [
            -3.4,
            51.7
          ],
          [
            -5.05,
            50.26
          ],
          [
            1.6,
            50.2
          ],
          [
            2.35,
            48.86
          ]
        ]
      },
      "properties": {
        "id": "t21_sans_baltes",
        "titre": "Vingt et un mois — sans la Lettonie ni l'Estonie",
        "duree_mois": 21,
        "duree_jours": 636,
        "destinations": 111,
        "km_route": 40318,
        "km_moto": 4837,
        "heures_conduite": 620,
        "traversees": 7,
        "traversees_nommees": [
          "Dunkerque — Douvres",
          "Uig — Tarbert",
          "Birkenhead — Belfast",
          "Dublin — Holyhead",
          "Portsmouth — Le Havre",
          "Villa San Giovanni — Messine",
          "Messine — Villa San Giovanni"
        ],
        "saison_favorable": "décembre — au prix de 106 jours hors fenêtre (s8_nordique)"
      }
    },
    {
      "type": "Feature",
      "geometry": {
        "type": "LineString",
        "coordinates": [
          [
            2.35,
            48.86
          ],
          [
            -4.49,
            48.24
          ],
          [
            -4.42,
            47.9
          ],
          [
            -3.08,
            47.58
          ],
          [
            -2.21,
            47.27
          ],
          [
            -0.96,
            45.94
          ],
          [
            -1.21,
            44.59
          ],
          [
            -1.42,
            43.67
          ],
          [
            -1.66,
            43.39
          ],
          [
            0.15,
            43.05
          ],
          [
            -4.75,
            43.42
          ],
          [
            -9.26,
            42.91
          ],
          [
            -8.2,
            41.75
          ],
          [
            -7.55,
            41.19
          ],
          [
            -7.61,
            40.32
          ],
          [
            -7.38,
            38.44
          ],
          [
            -8.78,
            37.72
          ],
          [
            -8.93,
            37.02
          ],
          [
            -5.37,
            36.76
          ],
          [
            -4.85,
            38.4
          ],
          [
            -3.85,
            37.55
          ],
          [
            -2.2,
            36.78
          ],
          [
            0.73,
            40.72
          ],
          [
            2.03,
            42.5
          ],
          [
            6.8,
            44.7
          ],
          [
            6.62,
            44.92
          ],
          [
            7.05,
            45.13
          ],
          [
            9.61,
            44.17
          ],
          [
            11.62,
            43.06
          ],
          [
            12.5,
            41.9
          ],
          [
            15.15,
            40.35
          ],
          [
            15.85,
            38.65
          ],
          [
            13.36,
            38.12
          ],
          [
            16.61,
            40.67
          ],
          [
            17.9,
            40.35
          ],
          [
            12.58,
            43.35
          ],
          [
            13.56,
            42.44
          ],
          [
            13.6,
            43.55
          ],
          [
            12.33,
            45.44
          ],
          [
            11.68,
            46.55
          ],
          [
            13.55,
            46.34
          ],
          [
            13.64,
            45.08
          ],
          [
            15.98,
            45.81
          ],
          [
            15.23,
            44.12
          ],
          [
            16.44,
            43.51
          ],
          [
            17.81,
            43.34
          ],
          [
            18.77,
            42.43
          ],
          [
            19.99,
            40.08
          ],
          [
            28.98,
            41.01
          ],
          [
            26.56,
            41.68
          ],
          [
            24.75,
            42.14
          ],
          [
            20.8,
            41.12
          ],
          [
            20.46,
            44.79
          ],
          [
            21.15,
            47.58
          ],
          [
            19.04,
            47.5
          ],
          [
            15.44,
            47.07
          ],
          [
            16.61,
            49.2
          ],
          [
            19.95,
            49.3
          ],
          [
            23.85,
            52.7
          ],
          [
            21.01,
            52.23
          ],
          [
            21.14,
            55.71
          ],
          [
            24.11,
            56.95
          ],
          [
            24.5,
            58.39
          ],
          [
            24.94,
            60.17
          ],
          [
            28.88,
            61.87
          ],
          [
            21.62,
            63.1
          ],
          [
            27.03,
            68.91
          ],
          [
            25.13,
            70.54
          ],
          [
            17.5,
            69.35
          ],
          [
            13.6,
            68.15
          ],
          [
            7.69,
            62.57
          ],
          [
            7.07,
            60.47
          ],
          [
            6.2,
            58.99
          ],
          [
            10.75,
            59.91
          ],
          [
            12.7,
            61.55
          ],
          [
            18.07,
            59.33
          ],
          [
            11.23,
            58.35
          ],
          [
            14.25,
            55.58
          ],
          [
            12.57,
            55.68
          ],
          [
            12.3,
            54.97
          ],
          [
            8.4,
            56.95
          ],
          [
            9.99,
            53.55
          ],
          [
            5.8,
            53.2
          ],
          [
            4.9,
            52.37
          ],
          [
            4.4,
            51.22
          ],
          [
            5.6,
            50.1
          ],
          [
            4.3,
            50.45
          ],
          [
            4.35,
            50.85
          ],
          [
            2.9,
            51.05
          ],
          [
            0.9,
            51.15
          ],
          [
            -0.1,
            51.51
          ],
          [
            0.6,
            52.6
          ],
          [
            -2.1,
            52.6
          ],
          [
            -1.61,
            54.97
          ],
          [
            -4.25,
            55.86
          ],
          [
            -5.5,
            57.3
          ],
          [
            -6.8,
            58
          ],
          [
            -3,
            58.98
          ],
          [
            -3.1,
            54.5
          ],
          [
            -2.7,
            53.45
          ],
          [
            -6.2,
            54.75
          ],
          [
            -9.5,
            53.45
          ],
          [
            -6.26,
            53.35
          ],
          [
            -4.08,
            53.07
          ],
          [
            -3.4,
            51.7
          ],
          [
            -5.05,
            50.26
          ],
          [
            1.6,
            50.2
          ],
          [
            2.35,
            48.86
          ]
        ]
      },
      "properties": {
        "id": "t21_sans_est",
        "titre": "Vingt et un mois — sans la Grèce",
        "duree_mois": 21,
        "duree_jours": 637,
        "destinations": 108,
        "km_route": 38735,
        "km_moto": 4795,
        "heures_conduite": 596,
        "traversees": 8,
        "traversees_nommees": [
          "Dunkerque — Douvres",
          "Uig — Tarbert",
          "Birkenhead — Belfast",
          "Dublin — Holyhead",
          "Portsmouth — Le Havre",
          "Tallinn — Helsinki",
          "Villa San Giovanni — Messine",
          "Messine — Villa San Giovanni"
        ],
        "saison_favorable": "décembre — au prix de 108 jours hors fenêtre (s8_nordique)"
      }
    },
    {
      "type": "Feature",
      "geometry": {
        "type": "LineString",
        "coordinates": [
          [
            2.35,
            48.86
          ],
          [
            -4.49,
            48.24
          ],
          [
            -4.42,
            47.9
          ],
          [
            -3.08,
            47.58
          ],
          [
            -2.21,
            47.27
          ],
          [
            -0.96,
            45.94
          ],
          [
            -1.21,
            44.59
          ],
          [
            -1.42,
            43.67
          ],
          [
            -1.66,
            43.39
          ],
          [
            0.15,
            43.05
          ],
          [
            -4.75,
            43.42
          ],
          [
            -9.26,
            42.91
          ],
          [
            -8.2,
            41.75
          ],
          [
            -7.55,
            41.19
          ],
          [
            -7.61,
            40.32
          ],
          [
            -7.38,
            38.44
          ],
          [
            -8.78,
            37.72
          ],
          [
            -8.93,
            37.02
          ],
          [
            -5.37,
            36.76
          ],
          [
            -4.85,
            38.4
          ],
          [
            -3.85,
            37.55
          ],
          [
            -2.2,
            36.78
          ],
          [
            0.73,
            40.72
          ],
          [
            2.03,
            42.5
          ],
          [
            6.8,
            44.7
          ],
          [
            6.62,
            44.92
          ],
          [
            7.05,
            45.13
          ],
          [
            9.61,
            44.17
          ],
          [
            11.62,
            43.06
          ],
          [
            12.5,
            41.9
          ],
          [
            15.15,
            40.35
          ],
          [
            15.85,
            38.65
          ],
          [
            13.36,
            38.12
          ],
          [
            16.61,
            40.67
          ],
          [
            17.9,
            40.35
          ],
          [
            12.58,
            43.35
          ],
          [
            13.56,
            42.44
          ],
          [
            13.6,
            43.55
          ],
          [
            12.33,
            45.44
          ],
          [
            11.68,
            46.55
          ],
          [
            13.55,
            46.34
          ],
          [
            13.64,
            45.08
          ],
          [
            15.98,
            45.81
          ],
          [
            15.23,
            44.12
          ],
          [
            16.44,
            43.51
          ],
          [
            17.81,
            43.34
          ],
          [
            18.77,
            42.43
          ],
          [
            19.99,
            40.08
          ],
          [
            20.85,
            39.9
          ],
          [
            21.63,
            39.71
          ],
          [
            23.73,
            37.98
          ],
          [
            22.38,
            36.67
          ],
          [
            22.94,
            40.64
          ],
          [
            28.98,
            41.01
          ],
          [
            26.56,
            41.68
          ],
          [
            24.75,
            42.14
          ],
          [
            20.8,
            41.12
          ],
          [
            20.46,
            44.79
          ],
          [
            21.15,
            47.58
          ],
          [
            19.04,
            47.5
          ],
          [
            15.44,
            47.07
          ],
          [
            16.61,
            49.2
          ],
          [
            19.95,
            49.3
          ],
          [
            23.85,
            52.7
          ],
          [
            21.01,
            52.23
          ],
          [
            21.14,
            55.71
          ],
          [
            24.11,
            56.95
          ],
          [
            24.5,
            58.39
          ],
          [
            24.94,
            60.17
          ],
          [
            28.88,
            61.87
          ],
          [
            21.62,
            63.1
          ],
          [
            27.03,
            68.91
          ],
          [
            25.13,
            70.54
          ],
          [
            17.5,
            69.35
          ],
          [
            13.6,
            68.15
          ],
          [
            7.69,
            62.57
          ],
          [
            7.07,
            60.47
          ],
          [
            6.2,
            58.99
          ],
          [
            10.75,
            59.91
          ],
          [
            12.7,
            61.55
          ],
          [
            18.07,
            59.33
          ],
          [
            11.23,
            58.35
          ],
          [
            14.25,
            55.58
          ],
          [
            12.57,
            55.68
          ],
          [
            12.3,
            54.97
          ],
          [
            8.4,
            56.95
          ],
          [
            9.99,
            53.55
          ],
          [
            5.8,
            53.2
          ],
          [
            4.9,
            52.37
          ],
          [
            4.4,
            51.22
          ],
          [
            5.6,
            50.1
          ],
          [
            4.3,
            50.45
          ],
          [
            4.35,
            50.85
          ],
          [
            2.9,
            51.05
          ],
          [
            0.9,
            51.15
          ],
          [
            -0.1,
            51.51
          ],
          [
            0.6,
            52.6
          ],
          [
            -2.1,
            52.6
          ],
          [
            -1.61,
            54.97
          ],
          [
            -4.25,
            55.86
          ],
          [
            -5.5,
            57.3
          ],
          [
            -6.8,
            58
          ],
          [
            -3,
            58.98
          ],
          [
            -3.1,
            54.5
          ],
          [
            -2.7,
            53.45
          ],
          [
            -6.2,
            54.75
          ],
          [
            -9.5,
            53.45
          ],
          [
            -6.26,
            53.35
          ],
          [
            -4.08,
            53.07
          ],
          [
            -3.4,
            51.7
          ],
          [
            -5.05,
            50.26
          ],
          [
            1.6,
            50.2
          ],
          [
            2.35,
            48.86
          ]
        ]
      },
      "properties": {
        "id": "t24_exhaustif",
        "titre": "Vingt-quatre mois — intégral, possibilités comprises",
        "duree_mois": 24,
        "duree_jours": 730,
        "destinations": 113,
        "km_route": 40224,
        "km_moto": 5318,
        "heures_conduite": 619,
        "traversees": 8,
        "traversees_nommees": [
          "Dunkerque — Douvres",
          "Uig — Tarbert",
          "Birkenhead — Belfast",
          "Dublin — Holyhead",
          "Portsmouth — Le Havre",
          "Tallinn — Helsinki",
          "Villa San Giovanni — Messine",
          "Messine — Villa San Giovanni"
        ],
        "saison_favorable": "octobre — au prix de 104 jours hors fenêtre (s8_nordique)"
      }
    },
    {
      "type": "Feature",
      "geometry": {
        "type": "LineString",
        "coordinates": [
          [
            2.35,
            48.86
          ],
          [
            12.58,
            43.35
          ],
          [
            13.56,
            42.44
          ],
          [
            13.6,
            43.55
          ],
          [
            12.33,
            45.44
          ],
          [
            11.68,
            46.55
          ],
          [
            13.55,
            46.34
          ],
          [
            13.64,
            45.08
          ],
          [
            15.98,
            45.81
          ],
          [
            15.23,
            44.12
          ],
          [
            16.44,
            43.51
          ],
          [
            17.81,
            43.34
          ],
          [
            18.77,
            42.43
          ],
          [
            19.99,
            40.08
          ],
          [
            2.35,
            48.86
          ]
        ]
      },
      "properties": {
        "id": "t3_adriatique",
        "titre": "Trois mois — des Apennins à l'Albanie",
        "duree_mois": 3,
        "duree_jours": 89,
        "destinations": 15,
        "km_route": 7865,
        "km_moto": 513,
        "heures_conduite": 121,
        "traversees": 0,
        "traversees_nommees": [],
        "saison_favorable": "mars – avril, septembre"
      }
    },
    {
      "type": "Feature",
      "geometry": {
        "type": "LineString",
        "coordinates": [
          [
            2.35,
            48.86
          ],
          [
            0.9,
            51.15
          ],
          [
            -0.1,
            51.51
          ],
          [
            0.6,
            52.6
          ],
          [
            -2.1,
            52.6
          ],
          [
            -1.61,
            54.97
          ],
          [
            -4.25,
            55.86
          ],
          [
            -5.5,
            57.3
          ],
          [
            -3.1,
            54.5
          ],
          [
            -2.7,
            53.45
          ],
          [
            -4.08,
            53.07
          ],
          [
            -3.4,
            51.7
          ],
          [
            -5.05,
            50.26
          ],
          [
            1.6,
            50.2
          ],
          [
            2.35,
            48.86
          ]
        ]
      },
      "properties": {
        "id": "t3_angleterre",
        "titre": "Trois mois — la Grande-Bretagne sans les îles",
        "duree_mois": 3,
        "duree_jours": 90,
        "destinations": 15,
        "km_route": 4344,
        "km_moto": 879,
        "heures_conduite": 67,
        "traversees": 2,
        "traversees_nommees": [
          "Calais — Douvres",
          "Portsmouth — Le Havre"
        ],
        "saison_favorable": "avril – août"
      }
    },
    {
      "type": "Feature",
      "geometry": {
        "type": "LineString",
        "coordinates": [
          [
            2.35,
            48.86
          ],
          [
            -4.49,
            48.24
          ],
          [
            -4.42,
            47.9
          ],
          [
            -3.08,
            47.58
          ],
          [
            -2.21,
            47.27
          ],
          [
            -0.96,
            45.94
          ],
          [
            -1.21,
            44.59
          ],
          [
            -1.42,
            43.67
          ],
          [
            -1.66,
            43.39
          ],
          [
            0.15,
            43.05
          ],
          [
            2.03,
            42.5
          ],
          [
            6.8,
            44.7
          ],
          [
            6.62,
            44.92
          ],
          [
            2.35,
            48.86
          ]
        ]
      },
      "properties": {
        "id": "t3_atlantique",
        "titre": "Trois mois — l'Atlantique, les Pyrénées et les Alpes",
        "duree_mois": 3,
        "duree_jours": 85,
        "destinations": 14,
        "km_route": 3842,
        "km_moto": 507,
        "heures_conduite": 59,
        "traversees": 0,
        "traversees_nommees": [],
        "saison_favorable": "octobre – février"
      }
    },
    {
      "type": "Feature",
      "geometry": {
        "type": "LineString",
        "coordinates": [
          [
            2.35,
            48.86
          ],
          [
            -0.96,
            45.94
          ],
          [
            -1.21,
            44.59
          ],
          [
            -1.42,
            43.67
          ],
          [
            -1.66,
            43.39
          ],
          [
            0.15,
            43.05
          ],
          [
            -4.75,
            43.42
          ],
          [
            -9.26,
            42.91
          ],
          [
            -8.2,
            41.75
          ],
          [
            -7.55,
            41.19
          ],
          [
            -7.61,
            40.32
          ],
          [
            -7.38,
            38.44
          ],
          [
            -8.78,
            37.72
          ],
          [
            -8.93,
            37.02
          ],
          [
            -5.37,
            36.76
          ],
          [
            -4.85,
            38.4
          ],
          [
            -3.85,
            37.55
          ],
          [
            -2.2,
            36.78
          ],
          [
            0.73,
            40.72
          ],
          [
            2.35,
            48.86
          ]
        ]
      },
      "properties": {
        "id": "t3_iberie",
        "titre": "Trois mois — du golfe de Gascogne à l'Andalousie",
        "duree_mois": 3,
        "duree_jours": 91,
        "destinations": 20,
        "km_route": 7093,
        "km_moto": 634,
        "heures_conduite": 109,
        "traversees": 0,
        "traversees_nommees": [],
        "saison_favorable": "septembre – mars"
      }
    },
    {
      "type": "Feature",
      "geometry": {
        "type": "LineString",
        "coordinates": [
          [
            2.35,
            48.86
          ],
          [
            2.03,
            42.5
          ],
          [
            6.8,
            44.7
          ],
          [
            6.62,
            44.92
          ],
          [
            7.05,
            45.13
          ],
          [
            9.61,
            44.17
          ],
          [
            11.62,
            43.06
          ],
          [
            12.5,
            41.9
          ],
          [
            15.15,
            40.35
          ],
          [
            16.61,
            40.67
          ],
          [
            17.9,
            40.35
          ],
          [
            12.58,
            43.35
          ],
          [
            13.56,
            42.44
          ],
          [
            13.6,
            43.55
          ],
          [
            12.33,
            45.44
          ],
          [
            11.68,
            46.55
          ],
          [
            2.35,
            48.86
          ]
        ]
      },
      "properties": {
        "id": "t3_italie",
        "titre": "Trois mois — la neige puis l'Italie",
        "duree_mois": 3,
        "duree_jours": 90,
        "destinations": 17,
        "km_route": 6720,
        "km_moto": 669,
        "heures_conduite": 103,
        "traversees": 0,
        "traversees_nommees": [],
        "saison_favorable": "février – avril"
      }
    },
    {
      "type": "Feature",
      "geometry": {
        "type": "LineString",
        "coordinates": [
          [
            2.35,
            48.86
          ],
          [
            12.33,
            45.44
          ],
          [
            11.68,
            46.55
          ],
          [
            13.55,
            46.34
          ],
          [
            13.64,
            45.08
          ],
          [
            15.98,
            45.81
          ],
          [
            15.23,
            44.12
          ],
          [
            16.44,
            43.51
          ],
          [
            17.81,
            43.34
          ],
          [
            18.77,
            42.43
          ],
          [
            19.99,
            40.08
          ],
          [
            20.85,
            39.9
          ],
          [
            21.63,
            39.71
          ],
          [
            23.73,
            37.98
          ],
          [
            22.38,
            36.67
          ],
          [
            22.94,
            40.64
          ],
          [
            28.98,
            41.01
          ],
          [
            26.56,
            41.68
          ],
          [
            24.75,
            42.14
          ],
          [
            20.8,
            41.12
          ],
          [
            20.46,
            44.79
          ],
          [
            21.15,
            47.58
          ],
          [
            19.04,
            47.5
          ],
          [
            15.44,
            47.07
          ],
          [
            16.61,
            49.2
          ],
          [
            2.35,
            48.86
          ]
        ]
      },
      "properties": {
        "id": "t6_balkanique",
        "titre": "Six mois — de Venise à Istanbul, retour par le Danube",
        "duree_mois": 6,
        "duree_jours": 173,
        "destinations": 26,
        "km_route": 11095,
        "km_moto": 1109,
        "heures_conduite": 171,
        "traversees": 0,
        "traversees_nommees": [],
        "saison_favorable": "mars"
      }
    },
    {
      "type": "Feature",
      "geometry": {
        "type": "LineString",
        "coordinates": [
          [
            2.35,
            48.86
          ],
          [
            -4.49,
            48.24
          ],
          [
            -4.42,
            47.9
          ],
          [
            -3.08,
            47.58
          ],
          [
            -2.21,
            47.27
          ],
          [
            -0.96,
            45.94
          ],
          [
            -1.21,
            44.59
          ],
          [
            -1.42,
            43.67
          ],
          [
            -1.66,
            43.39
          ],
          [
            0.15,
            43.05
          ],
          [
            -4.75,
            43.42
          ],
          [
            -9.26,
            42.91
          ],
          [
            -8.2,
            41.75
          ],
          [
            -7.55,
            41.19
          ],
          [
            -7.61,
            40.32
          ],
          [
            -7.38,
            38.44
          ],
          [
            -8.78,
            37.72
          ],
          [
            -8.93,
            37.02
          ],
          [
            -5.37,
            36.76
          ],
          [
            -4.85,
            38.4
          ],
          [
            -3.85,
            37.55
          ],
          [
            -2.2,
            36.78
          ],
          [
            0.73,
            40.72
          ],
          [
            2.03,
            42.5
          ],
          [
            6.8,
            44.7
          ],
          [
            6.62,
            44.92
          ],
          [
            7.05,
            45.13
          ],
          [
            9.61,
            44.17
          ],
          [
            11.62,
            43.06
          ],
          [
            2.35,
            48.86
          ]
        ]
      },
      "properties": {
        "id": "t6_iberique",
        "titre": "Six mois — l'Atlantique, l'Ibérie, la neige et le Piémont",
        "duree_mois": 6,
        "duree_jours": 170,
        "destinations": 30,
        "km_route": 9778,
        "km_moto": 1156,
        "heures_conduite": 150,
        "traversees": 0,
        "traversees_nommees": [],
        "saison_favorable": "octobre – décembre"
      }
    },
    {
      "type": "Feature",
      "geometry": {
        "type": "LineString",
        "coordinates": [
          [
            2.35,
            48.86
          ],
          [
            4.4,
            51.22
          ],
          [
            5.6,
            50.1
          ],
          [
            4.3,
            50.45
          ],
          [
            4.35,
            50.85
          ],
          [
            2.9,
            51.05
          ],
          [
            0.9,
            51.15
          ],
          [
            -0.1,
            51.51
          ],
          [
            0.6,
            52.6
          ],
          [
            -2.1,
            52.6
          ],
          [
            -1.61,
            54.97
          ],
          [
            -4.25,
            55.86
          ],
          [
            -5.5,
            57.3
          ],
          [
            -6.8,
            58
          ],
          [
            -3,
            58.98
          ],
          [
            -3.1,
            54.5
          ],
          [
            -2.7,
            53.45
          ],
          [
            -6.2,
            54.75
          ],
          [
            -9.5,
            53.45
          ],
          [
            -6.26,
            53.35
          ],
          [
            -4.08,
            53.07
          ],
          [
            -3.4,
            51.7
          ],
          [
            -5.05,
            50.26
          ],
          [
            1.6,
            50.2
          ],
          [
            2.35,
            48.86
          ]
        ]
      },
      "properties": {
        "id": "t6_iles",
        "titre": "Six mois — les îles Britanniques et les Flandres",
        "duree_mois": 6,
        "duree_jours": 182,
        "destinations": 25,
        "km_route": 6649,
        "km_moto": 1514,
        "heures_conduite": 102,
        "traversees": 5,
        "traversees_nommees": [
          "Dunkerque — Douvres",
          "Uig — Tarbert",
          "Birkenhead — Belfast",
          "Dublin — Holyhead",
          "Portsmouth — Le Havre"
        ],
        "saison_favorable": "mars – mai"
      }
    },
    {
      "type": "Feature",
      "geometry": {
        "type": "LineString",
        "coordinates": [
          [
            2.35,
            48.86
          ],
          [
            2.03,
            42.5
          ],
          [
            6.8,
            44.7
          ],
          [
            6.62,
            44.92
          ],
          [
            7.05,
            45.13
          ],
          [
            9.61,
            44.17
          ],
          [
            11.62,
            43.06
          ],
          [
            12.5,
            41.9
          ],
          [
            15.15,
            40.35
          ],
          [
            15.85,
            38.65
          ],
          [
            13.36,
            38.12
          ],
          [
            16.61,
            40.67
          ],
          [
            17.9,
            40.35
          ],
          [
            12.58,
            43.35
          ],
          [
            13.56,
            42.44
          ],
          [
            13.6,
            43.55
          ],
          [
            12.33,
            45.44
          ],
          [
            11.68,
            46.55
          ],
          [
            13.55,
            46.34
          ],
          [
            13.64,
            45.08
          ],
          [
            15.98,
            45.81
          ],
          [
            15.23,
            44.12
          ],
          [
            16.44,
            43.51
          ],
          [
            17.81,
            43.34
          ],
          [
            18.77,
            42.43
          ],
          [
            19.99,
            40.08
          ],
          [
            20.85,
            39.9
          ],
          [
            21.63,
            39.71
          ],
          [
            23.73,
            37.98
          ],
          [
            22.38,
            36.67
          ],
          [
            22.94,
            40.64
          ],
          [
            2.35,
            48.86
          ]
        ]
      },
      "properties": {
        "id": "t6_italien",
        "titre": "Six mois — de la neige à la Grèce",
        "duree_mois": 6,
        "duree_jours": 181,
        "destinations": 32,
        "km_route": 13610,
        "km_moto": 1310,
        "heures_conduite": 209,
        "traversees": 2,
        "traversees_nommees": [
          "Villa San Giovanni — Messine",
          "Messine — Villa San Giovanni"
        ],
        "saison_favorable": "février — au prix de 11 jours hors fenêtre (s6_grece)"
      }
    },
    {
      "type": "Feature",
      "geometry": {
        "type": "LineString",
        "coordinates": [
          [
            2.35,
            48.86
          ],
          [
            23.85,
            52.7
          ],
          [
            21.01,
            52.23
          ],
          [
            21.14,
            55.71
          ],
          [
            24.11,
            56.95
          ],
          [
            24.5,
            58.39
          ],
          [
            24.94,
            60.17
          ],
          [
            28.88,
            61.87
          ],
          [
            21.62,
            63.1
          ],
          [
            27.03,
            68.91
          ],
          [
            25.13,
            70.54
          ],
          [
            17.5,
            69.35
          ],
          [
            13.6,
            68.15
          ],
          [
            7.69,
            62.57
          ],
          [
            7.07,
            60.47
          ],
          [
            6.2,
            58.99
          ],
          [
            10.75,
            59.91
          ],
          [
            12.7,
            61.55
          ],
          [
            18.07,
            59.33
          ],
          [
            11.23,
            58.35
          ],
          [
            14.25,
            55.58
          ],
          [
            12.57,
            55.68
          ],
          [
            12.3,
            54.97
          ],
          [
            8.4,
            56.95
          ],
          [
            9.99,
            53.55
          ],
          [
            5.8,
            53.2
          ],
          [
            4.9,
            52.37
          ],
          [
            4.4,
            51.22
          ],
          [
            5.6,
            50.1
          ],
          [
            4.3,
            50.45
          ],
          [
            4.35,
            50.85
          ],
          [
            2.9,
            51.05
          ],
          [
            1.6,
            50.2
          ],
          [
            2.35,
            48.86
          ]
        ]
      },
      "properties": {
        "id": "t6_nordique",
        "titre": "Six mois — le tour de la Baltique",
        "duree_mois": 6,
        "duree_jours": 180,
        "destinations": 34,
        "km_route": 15213,
        "km_moto": 1240,
        "heures_conduite": 234,
        "traversees": 1,
        "traversees_nommees": [
          "Tallinn — Helsinki"
        ],
        "saison_favorable": "avril – juin"
      }
    },
    {
      "type": "Feature",
      "geometry": {
        "type": "LineString",
        "coordinates": [
          [
            2.35,
            48.86
          ],
          [
            -4.49,
            48.24
          ],
          [
            -4.42,
            47.9
          ],
          [
            -3.08,
            47.58
          ],
          [
            -2.21,
            47.27
          ],
          [
            -0.96,
            45.94
          ],
          [
            -1.21,
            44.59
          ],
          [
            -1.42,
            43.67
          ],
          [
            -1.66,
            43.39
          ],
          [
            0.15,
            43.05
          ],
          [
            -4.75,
            43.42
          ],
          [
            -9.26,
            42.91
          ],
          [
            -8.2,
            41.75
          ],
          [
            -7.55,
            41.19
          ],
          [
            -7.61,
            40.32
          ],
          [
            -7.38,
            38.44
          ],
          [
            -8.78,
            37.72
          ],
          [
            -8.93,
            37.02
          ],
          [
            -5.37,
            36.76
          ],
          [
            -4.85,
            38.4
          ],
          [
            -3.85,
            37.55
          ],
          [
            -2.2,
            36.78
          ],
          [
            0.73,
            40.72
          ],
          [
            2.03,
            42.5
          ],
          [
            6.8,
            44.7
          ],
          [
            6.62,
            44.92
          ],
          [
            7.05,
            45.13
          ],
          [
            9.61,
            44.17
          ],
          [
            11.62,
            43.06
          ],
          [
            12.5,
            41.9
          ],
          [
            15.15,
            40.35
          ],
          [
            15.85,
            38.65
          ],
          [
            13.36,
            38.12
          ],
          [
            16.61,
            40.67
          ],
          [
            17.9,
            40.35
          ],
          [
            12.58,
            43.35
          ],
          [
            13.56,
            42.44
          ],
          [
            13.6,
            43.55
          ],
          [
            12.33,
            45.44
          ],
          [
            11.68,
            46.55
          ],
          [
            13.55,
            46.34
          ],
          [
            13.64,
            45.08
          ],
          [
            15.98,
            45.81
          ],
          [
            15.23,
            44.12
          ],
          [
            16.44,
            43.51
          ],
          [
            17.81,
            43.34
          ],
          [
            18.77,
            42.43
          ],
          [
            19.99,
            40.08
          ],
          [
            20.85,
            39.9
          ],
          [
            21.63,
            39.71
          ],
          [
            23.73,
            37.98
          ],
          [
            22.38,
            36.67
          ],
          [
            22.94,
            40.64
          ],
          [
            2.35,
            48.86
          ]
        ]
      },
      "properties": {
        "id": "t9_meridional",
        "titre": "Neuf mois — de la Bretagne au Péloponnèse",
        "duree_mois": 9,
        "duree_jours": 272,
        "destinations": 54,
        "km_route": 19422,
        "km_moto": 1976,
        "heures_conduite": 299,
        "traversees": 2,
        "traversees_nommees": [
          "Villa San Giovanni — Messine",
          "Messine — Villa San Giovanni"
        ],
        "saison_favorable": "octobre — au prix de 1 jours hors fenêtre (s4_italie)"
      }
    },
    {
      "type": "Feature",
      "geometry": {
        "type": "LineString",
        "coordinates": [
          [
            2.35,
            48.86
          ],
          [
            13.55,
            46.34
          ],
          [
            13.64,
            45.08
          ],
          [
            15.98,
            45.81
          ],
          [
            15.23,
            44.12
          ],
          [
            16.44,
            43.51
          ],
          [
            17.81,
            43.34
          ],
          [
            18.77,
            42.43
          ],
          [
            19.99,
            40.08
          ],
          [
            20.85,
            39.9
          ],
          [
            21.63,
            39.71
          ],
          [
            23.73,
            37.98
          ],
          [
            22.38,
            36.67
          ],
          [
            22.94,
            40.64
          ],
          [
            28.98,
            41.01
          ],
          [
            26.56,
            41.68
          ],
          [
            24.75,
            42.14
          ],
          [
            20.8,
            41.12
          ],
          [
            20.46,
            44.79
          ],
          [
            21.15,
            47.58
          ],
          [
            19.04,
            47.5
          ],
          [
            15.44,
            47.07
          ],
          [
            16.61,
            49.2
          ],
          [
            19.95,
            49.3
          ],
          [
            23.85,
            52.7
          ],
          [
            21.01,
            52.23
          ],
          [
            21.14,
            55.71
          ],
          [
            24.11,
            56.95
          ],
          [
            24.5,
            58.39
          ],
          [
            24.94,
            60.17
          ],
          [
            28.88,
            61.87
          ],
          [
            21.62,
            63.1
          ],
          [
            27.03,
            68.91
          ],
          [
            25.13,
            70.54
          ],
          [
            17.5,
            69.35
          ],
          [
            13.6,
            68.15
          ],
          [
            7.69,
            62.57
          ],
          [
            7.07,
            60.47
          ],
          [
            2.35,
            48.86
          ]
        ]
      },
      "properties": {
        "id": "t9_oriental",
        "titre": "Neuf mois — des Balkans aux fjords norvégiens",
        "duree_mois": 9,
        "duree_jours": 261,
        "destinations": 39,
        "km_route": 20309,
        "km_moto": 1602,
        "heures_conduite": 312,
        "traversees": 1,
        "traversees_nommees": [
          "Tallinn — Helsinki"
        ],
        "saison_favorable": "février — au prix de 15 jours hors fenêtre (s5_adriatique)"
      }
    },
    {
      "type": "Feature",
      "geometry": {
        "type": "LineString",
        "coordinates": [
          [
            2.35,
            48.86
          ],
          [
            23.85,
            52.7
          ],
          [
            21.01,
            52.23
          ],
          [
            21.14,
            55.71
          ],
          [
            24.11,
            56.95
          ],
          [
            24.5,
            58.39
          ],
          [
            24.94,
            60.17
          ],
          [
            28.88,
            61.87
          ],
          [
            21.62,
            63.1
          ],
          [
            27.03,
            68.91
          ],
          [
            25.13,
            70.54
          ],
          [
            17.5,
            69.35
          ],
          [
            13.6,
            68.15
          ],
          [
            7.69,
            62.57
          ],
          [
            7.07,
            60.47
          ],
          [
            6.2,
            58.99
          ],
          [
            10.75,
            59.91
          ],
          [
            12.7,
            61.55
          ],
          [
            18.07,
            59.33
          ],
          [
            11.23,
            58.35
          ],
          [
            14.25,
            55.58
          ],
          [
            12.57,
            55.68
          ],
          [
            12.3,
            54.97
          ],
          [
            8.4,
            56.95
          ],
          [
            9.99,
            53.55
          ],
          [
            5.8,
            53.2
          ],
          [
            4.9,
            52.37
          ],
          [
            4.4,
            51.22
          ],
          [
            5.6,
            50.1
          ],
          [
            4.3,
            50.45
          ],
          [
            4.35,
            50.85
          ],
          [
            2.9,
            51.05
          ],
          [
            0.9,
            51.15
          ],
          [
            -0.1,
            51.51
          ],
          [
            0.6,
            52.6
          ],
          [
            -2.1,
            52.6
          ],
          [
            -1.61,
            54.97
          ],
          [
            -4.25,
            55.86
          ],
          [
            -5.5,
            57.3
          ],
          [
            -6.8,
            58
          ],
          [
            -3,
            58.98
          ],
          [
            -3.1,
            54.5
          ],
          [
            -2.7,
            53.45
          ],
          [
            -6.2,
            54.75
          ],
          [
            -9.5,
            53.45
          ],
          [
            -6.26,
            53.35
          ],
          [
            -4.08,
            53.07
          ],
          [
            -3.4,
            51.7
          ],
          [
            -5.05,
            50.26
          ],
          [
            1.6,
            50.2
          ],
          [
            2.35,
            48.86
          ]
        ]
      },
      "properties": {
        "id": "t9_septentrional",
        "titre": "Neuf mois — la Baltique, la Scandinavie et les îles",
        "duree_mois": 9,
        "duree_jours": 273,
        "destinations": 51,
        "km_route": 20437,
        "km_moto": 2099,
        "heures_conduite": 314,
        "traversees": 6,
        "traversees_nommees": [
          "Dunkerque — Douvres",
          "Uig — Tarbert",
          "Birkenhead — Belfast",
          "Dublin — Holyhead",
          "Portsmouth — Le Havre",
          "Tallinn — Helsinki"
        ],
        "saison_favorable": "avril — au prix de 37 jours hors fenêtre (s10_iles)"
      }
    }
  ]
}
