{"type":"FeatureCollection","_note":"Points d'intérêt et vivier de destinations. Coordonnées arrondies à trois décimales, soit une centaine de mètres : assez pour situer un sujet, pas pour retrouver un emplacement. Ni haltes, ni services, ni stationnements — ceux-là disent où s'arrête le véhicule.","_tri":"Par identifiant. Les points ne portent ni saison, ni rang, ni date : le fichier décrit un vivier, pas un parcours.","features":[{"type":"Feature","geometry":{"type":"Point","coordinates":[-4.49,48.24]},"properties":{"id":"A-01","nom":"Presqu'île de Crozon","type":"ancrage","pays":"FR","pratiques":["documentation","photogrammetrie"],"drone":"a_verifier"}},{"type":"Feature","geometry":{"type":"Point","coordinates":[-4.42,47.9]},"properties":{"id":"A-02","nom":"Baie d'Audierne et La Torche","type":"ancrage","pays":"FR","pratiques":["documentation"],"drone":"a_verifier"}},{"type":"Feature","geometry":{"type":"Point","coordinates":[-3.08,47.58]},"properties":{"id":"A-03","nom":"Carnac et golfe du Morbihan","type":"ancrage","pays":"FR","pratiques":["photogrammetrie","documentation"],"drone":"interdit"}},{"type":"Feature","geometry":{"type":"Point","coordinates":[-2.21,47.27]},"properties":{"id":"A-04","nom":"Estuaire de la Loire — Saint-Nazaire","type":"ancrage","pays":"FR","pratiques":["documentation","photogrammetrie"],"drone":"a_verifier"}},{"type":"Feature","geometry":{"type":"Point","coordinates":[-0.96,45.94]},"properties":{"id":"A-05","nom":"Rochefort et marais poitevin","type":"ancrage","pays":"FR","pratiques":["documentation","photogrammetrie","ecrits"],"drone":"a_verifier"}},{"type":"Feature","geometry":{"type":"Point","coordinates":[-1.21,44.59]},"properties":{"id":"A-06","nom":"Bassin d'Arcachon et dune du Pilat","type":"ancrage","pays":"FR","pratiques":["documentation"],"drone":"a_verifier"}},{"type":"Feature","geometry":{"type":"Point","coordinates":[-1.42,43.67]},"properties":{"id":"A-07","nom":"Hossegor et Seignosse","type":"ancrage","pays":"FR","pratiques":["documentation"],"drone":"a_verifier"}},{"type":"Feature","geometry":{"type":"Point","coordinates":[-1.66,43.39]},"properties":{"id":"A-08","nom":"Pays basque — Saint-Jean-de-Luz et Sare","type":"ancrage","pays":"FR","pratiques":["documentation","moto"],"drone":"a_verifier"}},{"type":"Feature","geometry":{"type":"Point","coordinates":[0.15,43.05]},"properties":{"id":"A-09","nom":"Piémont bigourdan — réserve de ciel étoilé du Pic du Midi","type":"ancrage","pays":"FR","pratiques":["astro","moto","documentation","rando"],"drone":"a_verifier"}},{"type":"Feature","geometry":{"type":"Point","coordinates":[-4.75,43.42]},"properties":{"id":"A-10","nom":"Côte cantabrique — Llanes et Picos de Europa","type":"ancrage","pays":"ES","pratiques":["documentation","photogrammetrie","moto","rando"],"drone":"a_verifier"}},{"type":"Feature","geometry":{"type":"Point","coordinates":[-5.05,50.26]},"properties":{"id":"A-100","nom":"Angleterre du Sud-Ouest — Cornouailles","type":"ancrage","pays":"GB","pratiques":["documentation","son","photogrammetrie"],"drone":"a_verifier"}},{"type":"Feature","geometry":{"type":"Point","coordinates":[-1.61,54.97]},"properties":{"id":"A-101","nom":"Angleterre du Nord — Yorkshire et Northumberland","type":"ancrage","pays":"GB","pratiques":["documentation","son","photogrammetrie","rando"],"drone":"a_verifier"}},{"type":"Feature","geometry":{"type":"Point","coordinates":[-5.5,57.3]},"properties":{"id":"A-102","nom":"Écosse — Highlands et Skye","type":"ancrage","pays":"GB","pratiques":["documentation","son","photogrammetrie","rando","astro"],"drone":"a_verifier"}},{"type":"Feature","geometry":{"type":"Point","coordinates":[-4.25,55.86]},"properties":{"id":"A-103","nom":"Écosse — Glasgow et les Lowlands","type":"transit","pays":"GB"}},{"type":"Feature","geometry":{"type":"Point","coordinates":[-9.5,53.45]},"properties":{"id":"A-104","nom":"Irlande — Connemara et l'ouest","type":"ancrage","pays":"IE","pratiques":["documentation","son","ecrits","photogrammetrie"],"drone":"a_verifier"}},{"type":"Feature","geometry":{"type":"Point","coordinates":[-6.26,53.35]},"properties":{"id":"A-105","nom":"Dublin","type":"ancrage","pays":"IE","pratiques":["documentation","son","video"],"drone":"a_verifier"}},{"type":"Feature","geometry":{"type":"Point","coordinates":[-4.08,53.07]},"properties":{"id":"A-106","nom":"Pays de Galles — Snowdonia et la côte","type":"ancrage","pays":"GB","pratiques":["documentation","son","photogrammetrie","rando"],"drone":"a_verifier"}},{"type":"Feature","geometry":{"type":"Point","coordinates":[26.56,41.68]},"properties":{"id":"A-107","nom":"Thrace turque — Edirne","type":"ancrage","pays":"TR","pratiques":["documentation","son","photogrammetrie"],"drone":"a_verifier"}},{"type":"Feature","geometry":{"type":"Point","coordinates":[24.75,42.14]},"properties":{"id":"A-108","nom":"Bulgarie — Rhodopes et Plovdiv","type":"ancrage","pays":"BG","pratiques":["documentation","son","photogrammetrie","ecrits","rando"],"drone":"a_verifier"}},{"type":"Feature","geometry":{"type":"Point","coordinates":[2.35,48.86]},"properties":{"id":"A-109","nom":"Paris — départ","type":"transit","pays":"FR"}},{"type":"Feature","geometry":{"type":"Point","coordinates":[-9.26,42.91]},"properties":{"id":"A-11","nom":"Costa da Morte — Fisterra","type":"ancrage","pays":"ES","pratiques":["documentation","ecrits"],"drone":"a_verifier"}},{"type":"Feature","geometry":{"type":"Point","coordinates":[4.35,50.85]},"properties":{"id":"A-110","nom":"Bruxelles, le Brabant et les Ardennes flamandes","type":"ancrage","pays":"BE","pratiques":["documentation","son","dessin","video"],"drone":"a_verifier"}},{"type":"Feature","geometry":{"type":"Point","coordinates":[4.3,50.45]},"properties":{"id":"A-111","nom":"Sillon industriel — du Borinage à Charleroi","type":"ancrage","pays":"BE","pratiques":["documentation","photogrammetrie","son","ecrits"],"drone":"a_verifier"}},{"type":"Feature","geometry":{"type":"Point","coordinates":[5.6,50.1]},"properties":{"id":"A-112","nom":"Ardenne, Fagnes et Gaume","type":"ancrage","pays":"BE","pratiques":["documentation","son","rando","plongee"],"drone":"a_verifier"}},{"type":"Feature","geometry":{"type":"Point","coordinates":[2.9,51.05]},"properties":{"id":"A-113","nom":"Westhoek, côte belge et Bruges","type":"ancrage","pays":"BE","pratiques":["documentation","son","video","dessin"],"drone":"a_verifier"}},{"type":"Feature","geometry":{"type":"Point","coordinates":[-0.1,51.51]},"properties":{"id":"A-114","nom":"Londres","type":"ancrage","pays":"GB","pratiques":["documentation","son","video","ecrits"],"drone":"a_verifier"}},{"type":"Feature","geometry":{"type":"Point","coordinates":[0.9,51.15]},"properties":{"id":"A-115","nom":"Kent et le Sud-Est","type":"ancrage","pays":"GB","pratiques":["documentation","son","dessin"],"drone":"a_verifier"}},{"type":"Feature","geometry":{"type":"Point","coordinates":[0.6,52.6]},"properties":{"id":"A-116","nom":"East Anglia et les Fens","type":"ancrage","pays":"GB","pratiques":["documentation","son","drone","ecrits"],"drone":"a_verifier"}},{"type":"Feature","geometry":{"type":"Point","coordinates":[-2.1,52.6]},"properties":{"id":"A-117","nom":"Midlands — Black Country, poteries et canaux","type":"ancrage","pays":"GB","pratiques":["documentation","photogrammetrie","son","video"],"drone":"a_verifier"}},{"type":"Feature","geometry":{"type":"Point","coordinates":[-2.7,53.45]},"properties":{"id":"A-118","nom":"Nord-Ouest — Liverpool, Manchester et Blackpool","type":"ancrage","pays":"GB","pratiques":["documentation","son","video"],"drone":"a_verifier"}},{"type":"Feature","geometry":{"type":"Point","coordinates":[-3.1,54.5]},"properties":{"id":"A-119","nom":"Cumbria et le Lake District","type":"ancrage","pays":"GB","pratiques":["documentation","son","rando","astro"],"drone":"a_verifier"}},{"type":"Feature","geometry":{"type":"Point","coordinates":[-8.2,41.75]},"properties":{"id":"A-12","nom":"Peneda-Gerês","type":"ancrage","pays":"PT","pratiques":["documentation","moto","photogrammetrie","rando"],"drone":"soumis_autorisation"}},{"type":"Feature","geometry":{"type":"Point","coordinates":[-6.8,58]},"properties":{"id":"A-121","nom":"Hébrides extérieures — Lewis et Harris","type":"ancrage","pays":"GB","pratiques":["documentation","son","astro","photogrammetrie"],"drone":"a_verifier"}},{"type":"Feature","geometry":{"type":"Point","coordinates":[-3,58.98]},"properties":{"id":"A-122","nom":"Orcades","type":"ancrage","pays":"GB","pratiques":["documentation","photogrammetrie","plongee","astro"],"drone":"a_verifier"}},{"type":"Feature","geometry":{"type":"Point","coordinates":[-6.2,54.75]},"properties":{"id":"A-123","nom":"Irlande du Nord — Belfast et la côte d'Antrim","type":"ancrage","pays":"GB","pratiques":["documentation","son","ecrits","video"],"drone":"a_verifier"}},{"type":"Feature","geometry":{"type":"Point","coordinates":[-3.4,51.7]},"properties":{"id":"A-124","nom":"Vallées galloises et le sud","type":"ancrage","pays":"GB","pratiques":["documentation","son","video","ecrits"],"drone":"a_verifier"}},{"type":"Feature","geometry":{"type":"Point","coordinates":[-7.55,41.19]},"properties":{"id":"A-13","nom":"Haut-Douro — Pinhão et vallée du Tua","type":"ancrage","pays":"PT","pratiques":["astro","documentation","photogrammetrie","drone"],"drone":"a_verifier"}},{"type":"Feature","geometry":{"type":"Point","coordinates":[-7.61,40.32]},"properties":{"id":"A-14","nom":"Serra da Estrela","type":"ancrage","pays":"PT","pratiques":["astro","documentation"],"drone":"a_verifier"}},{"type":"Feature","geometry":{"type":"Point","coordinates":[-7.38,38.44]},"properties":{"id":"A-15","nom":"Grand lac d'Alqueva — Monsaraz","type":"ancrage","pays":"PT","pratiques":["astro","documentation","ecrits"],"drone":"a_verifier"}},{"type":"Feature","geometry":{"type":"Point","coordinates":[-8.78,37.72]},"properties":{"id":"A-16","nom":"Costa Vicentina — Vila Nova de Milfontes","type":"ancrage","pays":"PT","pratiques":["documentation"],"drone":"a_verifier"}},{"type":"Feature","geometry":{"type":"Point","coordinates":[-8.93,37.02]},"properties":{"id":"A-17","nom":"Sagres et cap Saint-Vincent","type":"ancrage","pays":"PT","pratiques":["plongee","documentation"],"drone":"a_verifier"}},{"type":"Feature","geometry":{"type":"Point","coordinates":[-5.37,36.76]},"properties":{"id":"A-18","nom":"Sierra de Grazalema — réserve Starlight de la Sierra de Cádiz","type":"ancrage","pays":"ES","pratiques":["astro","moto","documentation","photogrammetrie","rando"],"drone":"a_verifier"}},{"type":"Feature","geometry":{"type":"Point","coordinates":[-4.85,38.4]},"properties":{"id":"A-19","nom":"Los Pedroches et Valle del Alto Guadiato","type":"ancrage","pays":"ES","pratiques":["astro","documentation","ecrits"],"drone":"a_verifier"}},{"type":"Feature","geometry":{"type":"Point","coordinates":[-3.85,37.55]},"properties":{"id":"A-20","nom":"Sierra Sur de Jaén","type":"ancrage","pays":"ES","pratiques":["astro","documentation","moto"],"drone":"a_verifier"}},{"type":"Feature","geometry":{"type":"Point","coordinates":[-2.2,36.78]},"properties":{"id":"A-21","nom":"Cabo de Gata","type":"ancrage","pays":"ES","pratiques":["plongee","documentation","photogrammetrie","rando"],"drone":"a_verifier"}},{"type":"Feature","geometry":{"type":"Point","coordinates":[0.73,40.72]},"properties":{"id":"A-22","nom":"Delta de l'Èbre","type":"ancrage","pays":"ES","pratiques":["documentation","ecrits"],"drone":"a_verifier"}},{"type":"Feature","geometry":{"type":"Point","coordinates":[2.03,42.5]},"properties":{"id":"A-23","nom":"Cerdagne — Font-Romeu et Capcir","type":"ancrage","pays":"FR","pratiques":["ski","astro","documentation"],"drone":"a_verifier"}},{"type":"Feature","geometry":{"type":"Point","coordinates":[6.8,44.7]},"properties":{"id":"A-24","nom":"Queyras — Saint-Véran et Guillestre","type":"ancrage","pays":"FR","pratiques":["ski","astro","documentation","photogrammetrie"],"drone":"a_verifier"}},{"type":"Feature","geometry":{"type":"Point","coordinates":[6.62,44.92]},"properties":{"id":"A-25","nom":"Briançonnais — Serre-Chevalier","type":"ancrage","pays":"FR","pratiques":["ski","astro","documentation"],"drone":"a_verifier"}},{"type":"Feature","geometry":{"type":"Point","coordinates":[7.05,45.13]},"properties":{"id":"A-26","nom":"Val de Suse — Piémont","type":"ancrage","pays":"IT","pratiques":["documentation","photogrammetrie","moto"],"drone":"a_verifier"}},{"type":"Feature","geometry":{"type":"Point","coordinates":[9.61,44.17]},"properties":{"id":"A-27","nom":"Riviera di Levante — Levanto","type":"ancrage","pays":"IT","pratiques":["documentation","photogrammetrie","plongee"],"drone":"a_verifier"}},{"type":"Feature","geometry":{"type":"Point","coordinates":[11.62,43.06]},"properties":{"id":"A-28","nom":"Val d'Orcia","type":"ancrage","pays":"IT","pratiques":["documentation","photogrammetrie"],"drone":"a_verifier"}},{"type":"Feature","geometry":{"type":"Point","coordinates":[12.58,43.35]},"properties":{"id":"A-29","nom":"Monte Cucco et Gubbio","type":"ancrage","pays":"IT","pratiques":["astro","documentation","moto"],"drone":"soumis_autorisation"}},{"type":"Feature","geometry":{"type":"Point","coordinates":[13.56,42.44]},"properties":{"id":"A-30","nom":"Campo Imperatore — Gran Sasso","type":"ancrage","pays":"IT","pratiques":["astro","moto","documentation","rando"],"drone":"a_verifier"}},{"type":"Feature","geometry":{"type":"Point","coordinates":[16.61,40.67]},"properties":{"id":"A-31","nom":"Matera et Alta Murgia","type":"ancrage","pays":"IT","pratiques":["photogrammetrie","documentation","ecrits"],"drone":"soumis_autorisation"}},{"type":"Feature","geometry":{"type":"Point","coordinates":[13.6,43.55]},"properties":{"id":"A-32","nom":"Conero et côte des Marches","type":"ancrage","pays":"IT","pratiques":["plongee","documentation"],"drone":"a_verifier"}},{"type":"Feature","geometry":{"type":"Point","coordinates":[11.68,46.55]},"properties":{"id":"A-33","nom":"Dolomites — Val Gardena et Alpe di Siusi","type":"ancrage","pays":"IT","pratiques":["documentation","photogrammetrie","moto","rando"],"drone":"a_verifier"}},{"type":"Feature","geometry":{"type":"Point","coordinates":[2.35,48.86]},"properties":{"id":"A-37","nom":"Paris — arrivée","type":"ancrage","pays":"FR","drone":"a_verifier"}},{"type":"Feature","geometry":{"type":"Point","coordinates":[8.4,56.95]},"properties":{"id":"A-41","nom":"Thy et côte ouest du Jutland","type":"ancrage","pays":"DK","pratiques":["documentation"],"drone":"a_verifier"}},{"type":"Feature","geometry":{"type":"Point","coordinates":[11.23,58.35]},"properties":{"id":"A-42","nom":"Bohuslän — Smögen","type":"ancrage","pays":"SE","pratiques":["plongee","documentation","photogrammetrie"],"drone":"a_verifier"}},{"type":"Feature","geometry":{"type":"Point","coordinates":[6.2,58.99]},"properties":{"id":"A-43","nom":"Lysefjord et Preikestolen","type":"ancrage","pays":"NO","pratiques":["documentation","photogrammetrie","moto","rando"],"drone":"interdit"}},{"type":"Feature","geometry":{"type":"Point","coordinates":[7.07,60.47]},"properties":{"id":"A-44","nom":"Hardangervidda — Eidfjord","type":"ancrage","pays":"NO","pratiques":["documentation","photogrammetrie","moto","rando"],"drone":"interdit"}},{"type":"Feature","geometry":{"type":"Point","coordinates":[7.69,62.57]},"properties":{"id":"A-45","nom":"Romsdal — Åndalsnes","type":"ancrage","pays":"NO","pratiques":["documentation","photogrammetrie","moto","rando"],"drone":"a_verifier"}},{"type":"Feature","geometry":{"type":"Point","coordinates":[13.6,68.15]},"properties":{"id":"A-46","nom":"Lofoten — Vestvågøy","type":"ancrage","pays":"NO","pratiques":["documentation","photogrammetrie","ecrits","rando"],"drone":"a_verifier"}},{"type":"Feature","geometry":{"type":"Point","coordinates":[17.5,69.35]},"properties":{"id":"A-47","nom":"Senja","type":"ancrage","pays":"NO","pratiques":["documentation","photogrammetrie"],"drone":"a_verifier"}},{"type":"Feature","geometry":{"type":"Point","coordinates":[12.7,61.55]},"properties":{"id":"A-49","nom":"Dalarna — Fulufjället","type":"ancrage","pays":"SE","pratiques":["documentation","ecrits","rando"],"drone":"a_verifier"}},{"type":"Feature","geometry":{"type":"Point","coordinates":[14.25,55.58]},"properties":{"id":"A-50","nom":"Österlen — Skåne","type":"ancrage","pays":"SE","pratiques":["documentation","astro"],"drone":"a_verifier"}},{"type":"Feature","geometry":{"type":"Point","coordinates":[12.3,54.97]},"properties":{"id":"A-51","nom":"Møn","type":"ancrage","pays":"DK","pratiques":["astro","documentation","photogrammetrie"],"drone":"a_verifier"}},{"type":"Feature","geometry":{"type":"Point","coordinates":[4.4,51.22]},"properties":{"id":"A-53","nom":"Anvers, l'Escaut et le Limbourg minier","type":"ancrage","pays":"BE","pratiques":["documentation","son","video"],"drone":"a_verifier"}},{"type":"Feature","geometry":{"type":"Point","coordinates":[1.6,50.2]},"properties":{"id":"A-54","nom":"Baie de Somme","type":"ancrage","pays":"FR","pratiques":["documentation","ecrits"],"drone":"a_verifier"}},{"type":"Feature","geometry":{"type":"Point","coordinates":[13.36,38.12]},"properties":{"id":"A-55","nom":"Sicile — Palerme et l’arrière-pays","type":"ancrage","pays":"IT","pratiques":["documentation","son","photogrammetrie","ecrits"],"drone":"a_verifier"}},{"type":"Feature","geometry":{"type":"Point","coordinates":[13.55,46.34]},"properties":{"id":"A-56","nom":"Slovénie — vallée de la Soča et Karst","type":"ancrage","pays":"SI","pratiques":["documentation","son","photogrammetrie","rando"],"drone":"a_verifier"}},{"type":"Feature","geometry":{"type":"Point","coordinates":[13.64,45.08]},"properties":{"id":"A-57","nom":"Istrie — Rovinj et l’arrière-pays","type":"ancrage","pays":"HR","pratiques":["documentation","son","plongee","ecrits"],"drone":"a_verifier"}},{"type":"Feature","geometry":{"type":"Point","coordinates":[15.98,45.81]},"properties":{"id":"A-58","nom":"Zagreb et le Zagorje","type":"ancrage","pays":"HR","pratiques":["documentation","son","video"],"drone":"a_verifier"}},{"type":"Feature","geometry":{"type":"Point","coordinates":[21.15,47.58]},"properties":{"id":"A-59","nom":"Grande Plaine hongroise — Hortobágy","type":"ancrage","pays":"HU","pratiques":["documentation","son","astro","photogrammetrie"],"drone":"a_verifier"}},{"type":"Feature","geometry":{"type":"Point","coordinates":[19.04,47.5]},"properties":{"id":"A-60","nom":"Budapest et le Danube","type":"ancrage","pays":"HU","pratiques":["documentation","son","video","ecrits"],"drone":"a_verifier"}},{"type":"Feature","geometry":{"type":"Point","coordinates":[19.95,49.3]},"properties":{"id":"A-61","nom":"Tatras — Zakopane et le Podhale","type":"ancrage","pays":"PL","pratiques":["documentation","son","rando","photogrammetrie"],"drone":"a_verifier"}},{"type":"Feature","geometry":{"type":"Point","coordinates":[23.85,52.7]},"properties":{"id":"A-62","nom":"Podlachie — Białowieża et les villages","type":"ancrage","pays":"PL","pratiques":["documentation","son","ecrits","photogrammetrie","rando"],"drone":"a_verifier"}},{"type":"Feature","geometry":{"type":"Point","coordinates":[21.01,52.23]},"properties":{"id":"A-63","nom":"Varsovie","type":"transit","pays":"PL"}},{"type":"Feature","geometry":{"type":"Point","coordinates":[21.14,55.71]},"properties":{"id":"A-64","nom":"Isthme de Courlande — Klaipėda","type":"ancrage","pays":"LT","pratiques":["documentation","son","photogrammetrie"],"drone":"a_verifier"}},{"type":"Feature","geometry":{"type":"Point","coordinates":[24.5,58.39]},"properties":{"id":"A-65","nom":"Estonie — Pärnu et les îles","type":"ancrage","pays":"EE","pratiques":["documentation","son","ecrits","rando"],"drone":"a_verifier"}},{"type":"Feature","geometry":{"type":"Point","coordinates":[24.94,60.17]},"properties":{"id":"A-66","nom":"Helsinki et l’archipel","type":"ancrage","pays":"FI","pratiques":["documentation","son","video"],"drone":"a_verifier"}},{"type":"Feature","geometry":{"type":"Point","coordinates":[28.88,61.87]},"properties":{"id":"A-67","nom":"Finlande des lacs — Savonlinna","type":"ancrage","pays":"FI","pratiques":["documentation","son","ecrits","photogrammetrie"],"drone":"a_verifier"}},{"type":"Feature","geometry":{"type":"Point","coordinates":[27.03,68.91]},"properties":{"id":"A-68","nom":"Laponie finlandaise — Inari","type":"ancrage","pays":"FI","pratiques":["documentation","son","video","ecrits"],"drone":"a_verifier"}},{"type":"Feature","geometry":{"type":"Point","coordinates":[25.13,70.54]},"properties":{"id":"A-69","nom":"Finnmark — Smørfjord","type":"ancrage","pays":"NO","pratiques":["documentation","son","photogrammetrie","ecrits"],"drone":"a_verifier"}},{"type":"Feature","geometry":{"type":"Point","coordinates":[10.75,59.91]},"properties":{"id":"A-70","nom":"Oslo","type":"transit","pays":"NO"}},{"type":"Feature","geometry":{"type":"Point","coordinates":[18.07,59.33]},"properties":{"id":"A-71","nom":"Stockholm et l’archipel","type":"ancrage","pays":"SE","pratiques":["documentation","son","video","photogrammetrie"],"drone":"a_verifier"}},{"type":"Feature","geometry":{"type":"Point","coordinates":[12.57,55.68]},"properties":{"id":"A-72","nom":"Copenhague","type":"transit","pays":"DK"}},{"type":"Feature","geometry":{"type":"Point","coordinates":[9.99,53.55]},"properties":{"id":"A-73","nom":"Hambourg et l’Elbe","type":"ancrage","pays":"DE","pratiques":["documentation","son","photogrammetrie","video"],"drone":"a_verifier"}},{"type":"Feature","geometry":{"type":"Point","coordinates":[5.8,53.2]},"properties":{"id":"A-74","nom":"Frise et mer des Wadden","type":"ancrage","pays":"NL","pratiques":["documentation","son","ecrits","rando"],"drone":"a_verifier"}},{"type":"Feature","geometry":{"type":"Point","coordinates":[4.9,52.37]},"properties":{"id":"A-75","nom":"Amsterdam","type":"transit","pays":"NL"}},{"type":"Feature","geometry":{"type":"Point","coordinates":[20.85,39.9]},"properties":{"id":"A-76","nom":"Épire — Zagori et Ioannina","type":"ancrage","pays":"GR","pratiques":["documentation","son","photogrammetrie","rando","ecrits"],"drone":"a_verifier"}},{"type":"Feature","geometry":{"type":"Point","coordinates":[21.63,39.71]},"properties":{"id":"A-77","nom":"Météores et plaine de Thessalie","type":"ancrage","pays":"GR","pratiques":["photogrammetrie","documentation","son","drone"],"drone":"a_verifier"}},{"type":"Feature","geometry":{"type":"Point","coordinates":[22.94,40.64]},"properties":{"id":"A-78","nom":"Thessalonique et la Chalcidique","type":"ancrage","pays":"GR","pratiques":["documentation","son","video","plongee"],"drone":"a_verifier"}},{"type":"Feature","geometry":{"type":"Point","coordinates":[23.73,37.98]},"properties":{"id":"A-79","nom":"Athènes","type":"transit","pays":"GR"}},{"type":"Feature","geometry":{"type":"Point","coordinates":[22.38,36.67]},"properties":{"id":"A-80","nom":"Magne et Péloponnèse du Sud","type":"ancrage","pays":"GR","pratiques":["documentation","son","photogrammetrie","ecrits","plongee"],"drone":"a_verifier"}},{"type":"Feature","geometry":{"type":"Point","coordinates":[12.5,41.9]},"properties":{"id":"A-82","nom":"Rome et la campagne romaine","type":"transit","pays":"IT"}},{"type":"Feature","geometry":{"type":"Point","coordinates":[15.15,40.35]},"properties":{"id":"A-83","nom":"Cilento et Campanie intérieure","type":"ancrage","pays":"IT","pratiques":["documentation","son","photogrammetrie","plongee"],"drone":"a_verifier"}},{"type":"Feature","geometry":{"type":"Point","coordinates":[15.85,38.65]},"properties":{"id":"A-84","nom":"Calabre — côte tyrrhénienne et Aspromonte","type":"ancrage","pays":"IT","pratiques":["documentation","son","ecrits","rando"],"drone":"a_verifier"}},{"type":"Feature","geometry":{"type":"Point","coordinates":[17.9,40.35]},"properties":{"id":"A-85","nom":"Pouilles — Salento et Gargano","type":"ancrage","pays":"IT","pratiques":["documentation","son","photogrammetrie","plongee"],"drone":"a_verifier"}},{"type":"Feature","geometry":{"type":"Point","coordinates":[12.33,45.44]},"properties":{"id":"A-86","nom":"Venise, la lagune et la Vénétie","type":"ancrage","pays":"IT","pratiques":["documentation","son","video","photogrammetrie"],"drone":"a_verifier"}},{"type":"Feature","geometry":{"type":"Point","coordinates":[15.23,44.12]},"properties":{"id":"A-87","nom":"Dalmatie du Nord — Zadar et la Ravni Kotari","type":"ancrage","pays":"HR","pratiques":["documentation","son","plongee","photogrammetrie"],"drone":"a_verifier"}},{"type":"Feature","geometry":{"type":"Point","coordinates":[16.44,43.51]},"properties":{"id":"A-88","nom":"Dalmatie du Sud — Split et les îles","type":"ancrage","pays":"HR","pratiques":["documentation","son","plongee","video"],"drone":"a_verifier"}},{"type":"Feature","geometry":{"type":"Point","coordinates":[17.81,43.34]},"properties":{"id":"A-89","nom":"Bosnie-Herzégovine — Mostar et la Neretva","type":"ancrage","pays":"BA","pratiques":["documentation","son","photogrammetrie","ecrits"],"drone":"a_verifier"}},{"type":"Feature","geometry":{"type":"Point","coordinates":[18.77,42.43]},"properties":{"id":"A-90","nom":"Monténégro — Bouches de Kotor et Durmitor","type":"ancrage","pays":"ME","pratiques":["documentation","son","rando","photogrammetrie"],"drone":"a_verifier"}},{"type":"Feature","geometry":{"type":"Point","coordinates":[19.99,40.08]},"properties":{"id":"A-91","nom":"Albanie — Riviera et Gjirokastër","type":"ancrage","pays":"AL","pratiques":["documentation","son","photogrammetrie","ecrits"],"drone":"a_verifier"}},{"type":"Feature","geometry":{"type":"Point","coordinates":[28.98,41.01]},"properties":{"id":"A-92","nom":"Istanbul","type":"ancrage","pays":"TR","pratiques":["documentation","son","video","photogrammetrie"],"drone":"a_verifier"}},{"type":"Feature","geometry":{"type":"Point","coordinates":[20.8,41.12]},"properties":{"id":"A-93","nom":"Macédoine du Nord — Ohrid et le Vardar","type":"ancrage","pays":"MK","pratiques":["documentation","son","photogrammetrie","ecrits"],"drone":"a_verifier"}},{"type":"Feature","geometry":{"type":"Point","coordinates":[20.46,44.79]},"properties":{"id":"A-94","nom":"Serbie — vallée de la Morava et Belgrade","type":"ancrage","pays":"RS","pratiques":["documentation","son","video","photogrammetrie"],"drone":"a_verifier"}},{"type":"Feature","geometry":{"type":"Point","coordinates":[15.44,47.07]},"properties":{"id":"A-95","nom":"Autriche — Styrie et Basse-Autriche","type":"ancrage","pays":"AT","pratiques":["documentation","son","photogrammetrie","rando"],"drone":"a_verifier"}},{"type":"Feature","geometry":{"type":"Point","coordinates":[16.61,49.2]},"properties":{"id":"A-96","nom":"Tchéquie — Moravie et Bohême du Sud","type":"ancrage","pays":"CZ","pratiques":["documentation","son","photogrammetrie","ecrits"],"drone":"a_verifier"}},{"type":"Feature","geometry":{"type":"Point","coordinates":[24.11,56.95]},"properties":{"id":"A-98","nom":"Lettonie — Kurzeme et Riga","type":"ancrage","pays":"LV","pratiques":["documentation","son","photogrammetrie","video"],"drone":"a_verifier"}},{"type":"Feature","geometry":{"type":"Point","coordinates":[21.62,63.1]},"properties":{"id":"A-99","nom":"Ostrobotnie — côte finlandaise","type":"ancrage","pays":"FI","pratiques":["documentation","son","photogrammetrie","ecrits"],"drone":"a_verifier"}},{"type":"Feature","geometry":{"type":"Point","coordinates":[-4.62,48.26]},"properties":{"id":"I-01","nom":"Pointe de Pen-Hir et les Tas de Pois","type":"interet","pays":"FR","natures":["paysage","nature"],"pratiques":["documentation","drone","dessin"],"drone":"a_verifier"}},{"type":"Feature","geometry":{"type":"Point","coordinates":[-4.56,48.29]},"properties":{"id":"I-02","nom":"Batteries de la rade et fortifications","type":"interet","pays":"FR","natures":["architecture","patrimoine","infrastructure"],"pratiques":["photogrammetrie","lidar","documentation"],"drone":"a_verifier"}},{"type":"Feature","geometry":{"type":"Point","coordinates":[-4.59,48.28]},"properties":{"id":"I-03","nom":"Port de Camaret et le cimetière de bateaux","type":"interet","pays":"FR","natures":["mode_de_vie","population","patrimoine"],"pratiques":["documentation","son","dessin","photogrammetrie"],"drone":"a_verifier"}},{"type":"Feature","geometry":{"type":"Point","coordinates":[-4.61,48.27]},"properties":{"id":"I-04","nom":"Alignements de Lagatjar","type":"interet","pays":"FR","natures":["patrimoine"],"pratiques":["documentation","dessin"],"drone":"a_verifier"}},{"type":"Feature","geometry":{"type":"Point","coordinates":[-4.53,48.17]},"properties":{"id":"I-05","nom":"Cap de la Chèvre et landes","type":"interet","pays":"FR","natures":["paysage","nature"],"pratiques":["documentation","dessin"],"drone":"a_verifier"}},{"type":"Feature","geometry":{"type":"Point","coordinates":[-4.56,48.2]},"properties":{"id":"I-06","nom":"La Palue et Lostmarc'h","type":"interet","pays":"FR","natures":["paysage","nature"],"pratiques":["documentation","dessin"],"drone":"a_verifier"}},{"type":"Feature","geometry":{"type":"Point","coordinates":[-4.23,48.22]},"properties":{"id":"I-07","nom":"Menez-Hom — ciel et panorama","type":"interet","pays":"FR","natures":["ciel","paysage"],"pratiques":["astro","documentation"],"drone":"a_verifier"}},{"type":"Feature","geometry":{"type":"Point","coordinates":[-4.55,48.3]},"properties":{"id":"I-09","nom":"Batteries de la rade — seconde sortie","type":"interet","pays":"FR","natures":["architecture","patrimoine","infrastructure"],"pratiques":["photogrammetrie","lidar","documentation"],"drone":"a_verifier"}},{"type":"Feature","geometry":{"type":"Point","coordinates":[-4.37,47.81]},"properties":{"id":"I-10","nom":"Criée de Saint-Guénolé au petit matin","type":"interet","pays":"FR","natures":["mode_de_vie","population"],"pratiques":["documentation","son"],"drone":"a_verifier"}},{"type":"Feature","geometry":{"type":"Point","coordinates":[2.05,42.52]},"properties":{"id":"I-100","nom":"Nuit d'observation en Cerdagne","type":"interet","pays":"FR","natures":["ciel"],"pratiques":["astro"],"drone":"a_verifier"}},{"type":"Feature","geometry":{"type":"Point","coordinates":[1.98,42.46]},"properties":{"id":"I-101","nom":"Llívia, enclave espagnole","type":"interet","pays":"FR","natures":["population","mode_de_vie"],"pratiques":["documentation","son"],"drone":"a_verifier"}},{"type":"Feature","geometry":{"type":"Point","coordinates":[2,42.44]},"properties":{"id":"I-102","nom":"Estives d'hiver et élevage cerdan","type":"interet","pays":"FR","natures":["mode_de_vie"],"pratiques":["documentation","son"],"drone":"a_verifier"}},{"type":"Feature","geometry":{"type":"Point","coordinates":[6.82,44.75]},"properties":{"id":"I-103","nom":"Journées de ski en Queyras","type":"interet","pays":"FR","natures":["sport"],"pratiques":["ski","documentation"],"drone":"a_verifier"}},{"type":"Feature","geometry":{"type":"Point","coordinates":[6.87,44.7]},"properties":{"id":"I-104","nom":"Saint-Véran et la vie d'hiver à 2 000 m","type":"interet","pays":"FR","natures":["mode_de_vie","population","architecture"],"pratiques":["documentation","son"],"drone":"a_verifier"}},{"type":"Feature","geometry":{"type":"Point","coordinates":[6.87,44.71]},"properties":{"id":"I-105","nom":"Nuit d'observation à Saint-Véran","type":"interet","pays":"FR","natures":["ciel"],"pratiques":["astro"],"drone":"a_verifier"}},{"type":"Feature","geometry":{"type":"Point","coordinates":[6.7,44.68]},"properties":{"id":"I-106","nom":"Déneigement et fermeture des cols","type":"interet","pays":"FR","natures":["infrastructure","mode_de_vie"],"pratiques":["documentation","son"],"drone":"a_verifier"}},{"type":"Feature","geometry":{"type":"Point","coordinates":[6.64,44.9]},"properties":{"id":"I-107","nom":"Fortifications Vauban de Briançon","type":"interet","pays":"FR","natures":["architecture","patrimoine"],"pratiques":["documentation","dessin"],"drone":"a_verifier"}},{"type":"Feature","geometry":{"type":"Point","coordinates":[6.63,44.89]},"properties":{"id":"I-108","nom":"Ville de garnison et ville de station","type":"interet","pays":"FR","natures":["population","mode_de_vie"],"pratiques":["documentation","son"],"drone":"a_verifier"}},{"type":"Feature","geometry":{"type":"Point","coordinates":[6.55,44.94]},"properties":{"id":"I-109","nom":"Journées de ski à Serre-Chevalier","type":"interet","pays":"FR","natures":["sport"],"pratiques":["ski","documentation"],"drone":"a_verifier"}},{"type":"Feature","geometry":{"type":"Point","coordinates":[-4.37,47.8]},"properties":{"id":"I-11","nom":"Phare d'Eckmühl et pointe de Penmarc'h","type":"interet","pays":"FR","natures":["architecture","paysage"],"pratiques":["documentation","drone"],"drone":"a_verifier"}},{"type":"Feature","geometry":{"type":"Point","coordinates":[6.72,44.93]},"properties":{"id":"I-110","nom":"Col de Montgenèvre en hiver","type":"interet","pays":"FR","natures":["infrastructure","paysage"],"pratiques":["documentation","video"],"drone":"a_verifier"}},{"type":"Feature","geometry":{"type":"Point","coordinates":[7.34,45.1]},"properties":{"id":"I-111","nom":"Sacra di San Michele","type":"interet","pays":"IT","natures":["architecture","patrimoine"],"pratiques":["documentation","dessin"],"drone":"a_verifier"}},{"type":"Feature","geometry":{"type":"Point","coordinates":[7.05,45.04]},"properties":{"id":"I-112","nom":"Forteresse de Fenestrelle","type":"interet","pays":"IT","natures":["architecture","infrastructure"],"pratiques":["documentation"],"drone":"a_verifier"}},{"type":"Feature","geometry":{"type":"Point","coordinates":[7.15,44.95]},"properties":{"id":"I-113","nom":"Vallées vaudoises et minorité protestante","type":"interet","pays":"IT","natures":["population","patrimoine"],"pratiques":["documentation","son"],"drone":"a_verifier"}},{"type":"Feature","geometry":{"type":"Point","coordinates":[7.2,45.1]},"properties":{"id":"I-114","nom":"Friches industrielles de la basse vallée","type":"interet","pays":"IT","natures":["infrastructure","mode_de_vie"],"pratiques":["documentation"],"drone":"a_verifier"}},{"type":"Feature","geometry":{"type":"Point","coordinates":[9.71,44.11]},"properties":{"id":"I-115","nom":"Terrasses de vigne des Cinque Terre","type":"interet","pays":"IT","natures":["infrastructure","mode_de_vie"],"pratiques":["documentation","drone"],"drone":"a_verifier"}},{"type":"Feature","geometry":{"type":"Point","coordinates":[9.68,44.13]},"properties":{"id":"I-116","nom":"Villages par le train et les sentiers","type":"interet","pays":"IT","natures":["architecture","population"],"pratiques":["documentation","son"],"drone":"a_verifier"}},{"type":"Feature","geometry":{"type":"Point","coordinates":[9.4,44.27]},"properties":{"id":"I-117","nom":"Pêche et chantiers de Sestri","type":"interet","pays":"IT","natures":["mode_de_vie"],"pratiques":["documentation","son"],"drone":"a_verifier"}},{"type":"Feature","geometry":{"type":"Point","coordinates":[9.38,44.3]},"properties":{"id":"I-118","nom":"Plongée sur les tombants ligures","type":"interet","pays":"IT","natures":["nature","sport"],"pratiques":["plongee","documentation"],"drone":"a_verifier"}},{"type":"Feature","geometry":{"type":"Point","coordinates":[11.63,43.05]},"properties":{"id":"I-119","nom":"Routes blanches et fermes de crête","type":"interet","pays":"IT","natures":["paysage","architecture"],"pratiques":["documentation","dessin","drone"],"drone":"a_verifier"}},{"type":"Feature","geometry":{"type":"Point","coordinates":[-4.36,47.87]},"properties":{"id":"I-12","nom":"Vestiges de l'usine d'extraction de galets","type":"interet","pays":"FR","natures":["infrastructure","patrimoine"],"pratiques":["documentation"],"drone":"a_verifier"}},{"type":"Feature","geometry":{"type":"Point","coordinates":[11.49,43.06]},"properties":{"id":"I-120","nom":"Vignerons et cave coopérative","type":"interet","pays":"IT","natures":["mode_de_vie","population"],"pratiques":["documentation","son"],"drone":"a_verifier"}},{"type":"Feature","geometry":{"type":"Point","coordinates":[11.51,43]},"properties":{"id":"I-121","nom":"Abbaye de Sant'Antimo","type":"interet","pays":"IT","natures":["architecture","patrimoine"],"pratiques":["documentation","son"],"drone":"a_verifier"}},{"type":"Feature","geometry":{"type":"Point","coordinates":[11.75,42.93]},"properties":{"id":"I-122","nom":"Bagni San Filippo et sources chaudes","type":"interet","pays":"IT","natures":["nature","mode_de_vie"],"pratiques":["documentation"],"drone":"a_verifier"}},{"type":"Feature","geometry":{"type":"Point","coordinates":[12.75,43.37]},"properties":{"id":"I-123","nom":"Nuit d'observation au Monte Cucco","type":"interet","pays":"IT","natures":["ciel"],"pratiques":["astro"],"drone":"a_verifier"}},{"type":"Feature","geometry":{"type":"Point","coordinates":[12.58,43.35]},"properties":{"id":"I-124","nom":"Céramistes de Gubbio","type":"interet","pays":"IT","natures":["mode_de_vie","patrimoine"],"pratiques":["documentation","son","video"],"drone":"a_verifier"}},{"type":"Feature","geometry":{"type":"Point","coordinates":[12.6,43.36]},"properties":{"id":"I-125","nom":"Gorges du Bottaccione","type":"interet","pays":"IT","natures":["nature","paysage"],"pratiques":["documentation","rando"],"drone":"a_verifier"}},{"type":"Feature","geometry":{"type":"Point","coordinates":[12.78,43.33]},"properties":{"id":"I-126","nom":"Bergers et transhumance apennine","type":"interet","pays":"IT","natures":["mode_de_vie"],"pratiques":["documentation","son"],"drone":"a_verifier"}},{"type":"Feature","geometry":{"type":"Point","coordinates":[13.56,42.44]},"properties":{"id":"I-127","nom":"Nuits d'observation à Campo Imperatore","type":"interet","pays":"IT","natures":["ciel"],"pratiques":["astro","documentation"],"drone":"a_verifier"}},{"type":"Feature","geometry":{"type":"Point","coordinates":[13.6,42.46]},"properties":{"id":"I-128","nom":"Transhumance et bergeries du plateau","type":"interet","pays":"IT","natures":["mode_de_vie","paysage"],"pratiques":["documentation","son"],"drone":"a_verifier"}},{"type":"Feature","geometry":{"type":"Point","coordinates":[13.7,42.34]},"properties":{"id":"I-129","nom":"Rocca Calascio et villages abandonnés","type":"interet","pays":"IT","natures":["architecture","patrimoine"],"pratiques":["documentation","dessin"],"drone":"a_verifier"}},{"type":"Feature","geometry":{"type":"Point","coordinates":[-4.3,47.89]},"properties":{"id":"I-13","nom":"Serres et cultures de plein champ du pays bigouden","type":"interet","pays":"FR","natures":["mode_de_vie","infrastructure"],"pratiques":["documentation","son"],"drone":"a_verifier"}},{"type":"Feature","geometry":{"type":"Point","coordinates":[13.55,42.38]},"properties":{"id":"I-130","nom":"Villages du Gran Sasso et repeuplement estival","type":"interet","pays":"IT","natures":["population","mode_de_vie"],"pratiques":["documentation","son"],"drone":"a_verifier"}},{"type":"Feature","geometry":{"type":"Point","coordinates":[16.61,40.67]},"properties":{"id":"I-131","nom":"Sassi et églises rupestres","type":"interet","pays":"IT","natures":["architecture","patrimoine"],"pratiques":["documentation","photogrammetrie","lidar"],"drone":"a_verifier"}},{"type":"Feature","geometry":{"type":"Point","coordinates":[16.6,40.67]},"properties":{"id":"I-132","nom":"Mémoire de l'évacuation de 1952","type":"interet","pays":"IT","natures":["population","mode_de_vie"],"pratiques":["documentation","son","ecrits"],"drone":"a_verifier"}},{"type":"Feature","geometry":{"type":"Point","coordinates":[16.44,40.81]},"properties":{"id":"I-133","nom":"Gravina et habitat rupestre de plateau","type":"interet","pays":"IT","natures":["paysage","patrimoine"],"pratiques":["documentation","rando"],"drone":"a_verifier"}},{"type":"Feature","geometry":{"type":"Point","coordinates":[16.35,40.85]},"properties":{"id":"I-134","nom":"Pastoralisme de l'Alta Murgia","type":"interet","pays":"IT","natures":["mode_de_vie"],"pratiques":["documentation","son"],"drone":"a_verifier"}},{"type":"Feature","geometry":{"type":"Point","coordinates":[13.36,38.11]},"properties":{"id":"I-135","nom":"Marchés de Ballarò et Vucciria","type":"interet","pays":"IT","natures":["mode_de_vie","population"],"pratiques":["documentation","son","video"],"drone":"a_verifier"}},{"type":"Feature","geometry":{"type":"Point","coordinates":[13.35,38.12]},"properties":{"id":"I-136","nom":"Quartiers populaires et cours","type":"interet","pays":"IT","natures":["architecture","mode_de_vie"],"pratiques":["documentation","son"],"drone":"a_verifier"}},{"type":"Feature","geometry":{"type":"Point","coordinates":[14.05,37.9]},"properties":{"id":"I-137","nom":"Villages des Madonie et dépeuplement","type":"interet","pays":"IT","natures":["population","mode_de_vie"],"pratiques":["documentation","son","dessin"],"drone":"a_verifier"}},{"type":"Feature","geometry":{"type":"Point","coordinates":[12.51,37.9]},"properties":{"id":"I-138","nom":"Salines de Trapani et Mozia","type":"interet","pays":"IT","natures":["infrastructure","paysage"],"pratiques":["documentation","drone"],"drone":"a_verifier"}},{"type":"Feature","geometry":{"type":"Point","coordinates":[12.68,38.05]},"properties":{"id":"I-139","nom":"Tonnara et mémoire du thon","type":"interet","pays":"IT","natures":["infrastructure","patrimoine"],"pratiques":["documentation","son"],"drone":"a_verifier"}},{"type":"Feature","geometry":{"type":"Point","coordinates":[-4.33,47.87]},"properties":{"id":"I-14","nom":"Chapelle de Tronoën et son calvaire","type":"interet","pays":"FR","natures":["patrimoine","architecture"],"pratiques":["documentation","dessin"],"drone":"a_verifier"}},{"type":"Feature","geometry":{"type":"Point","coordinates":[13.63,43.53]},"properties":{"id":"I-140","nom":"Plongée sous la falaise du Conero","type":"interet","pays":"IT","natures":["nature","sport"],"pratiques":["plongee","documentation","video"],"drone":"a_verifier"}},{"type":"Feature","geometry":{"type":"Point","coordinates":[13.68,43.55]},"properties":{"id":"I-141","nom":"Pêcheurs de la côte des trabocchi","type":"interet","pays":"IT","natures":["mode_de_vie","infrastructure"],"pratiques":["documentation","photogrammetrie"],"drone":"a_verifier"}},{"type":"Feature","geometry":{"type":"Point","coordinates":[13.55,43.4]},"properties":{"id":"I-142","nom":"Abbayes romanes des Marches","type":"interet","pays":"IT","natures":["architecture","patrimoine"],"pratiques":["documentation","dessin"],"drone":"a_verifier"}},{"type":"Feature","geometry":{"type":"Point","coordinates":[13.55,43.47]},"properties":{"id":"I-143","nom":"Artisanat de l'accordéon à Castelfidardo","type":"interet","pays":"IT","natures":["mode_de_vie","infrastructure"],"pratiques":["documentation","son"],"drone":"a_verifier"}},{"type":"Feature","geometry":{"type":"Point","coordinates":[11.67,46.57]},"properties":{"id":"I-144","nom":"Sculpteurs sur bois de Val Gardena","type":"interet","pays":"IT","natures":["mode_de_vie","patrimoine"],"pratiques":["documentation","son","video"],"drone":"a_verifier"}},{"type":"Feature","geometry":{"type":"Point","coordinates":[11.66,46.58]},"properties":{"id":"I-145","nom":"Ladins et trilinguisme quotidien","type":"interet","pays":"IT","natures":["population","mode_de_vie"],"pratiques":["documentation","son"],"drone":"a_verifier"}},{"type":"Feature","geometry":{"type":"Point","coordinates":[11.58,46.53]},"properties":{"id":"I-146","nom":"Alpage de l'Alpe di Siusi","type":"interet","pays":"IT","natures":["paysage","mode_de_vie"],"pratiques":["documentation","drone","dessin"],"drone":"a_verifier"}},{"type":"Feature","geometry":{"type":"Point","coordinates":[11.79,46.52]},"properties":{"id":"I-147","nom":"Cols et routes de la Sella Ronda","type":"interet","pays":"IT","natures":["infrastructure","paysage"],"pratiques":["documentation","moto","video"],"drone":"a_verifier"}},{"type":"Feature","geometry":{"type":"Point","coordinates":[14.98,40.26]},"properties":{"id":"I-148","nom":"Terrasses et oliveraies de pente","type":"interet","pays":"IT","natures":["mode_de_vie","infrastructure"],"pratiques":["documentation","son"],"drone":"a_verifier"}},{"type":"Feature","geometry":{"type":"Point","coordinates":[14.93,40.27]},"properties":{"id":"I-149","nom":"Pêche de Santa Maria et petits métiers","type":"interet","pays":"IT","natures":["mode_de_vie"],"pratiques":["documentation","son"],"drone":"a_verifier"}},{"type":"Feature","geometry":{"type":"Point","coordinates":[-3.08,47.6]},"properties":{"id":"I-15","nom":"Alignements de Carnac","type":"interet","pays":"FR","natures":["patrimoine"],"pratiques":["documentation","dessin"],"drone":"a_verifier"}},{"type":"Feature","geometry":{"type":"Point","coordinates":[15.5,40.32]},"properties":{"id":"I-150","nom":"Villages du Vallo et retours d'été","type":"interet","pays":"IT","natures":["population","mode_de_vie"],"pratiques":["documentation","son","ecrits"],"drone":"a_verifier"}},{"type":"Feature","geometry":{"type":"Point","coordinates":[15.66,40.34]},"properties":{"id":"I-151","nom":"Chartreuse de Padula","type":"interet","pays":"IT","natures":["architecture","patrimoine"],"pratiques":["documentation","dessin"],"drone":"a_verifier"}},{"type":"Feature","geometry":{"type":"Point","coordinates":[15.71,38.25]},"properties":{"id":"I-152","nom":"Pêche à l'espadon dans le détroit","type":"interet","pays":"IT","natures":["mode_de_vie","infrastructure"],"pratiques":["documentation","video","son"],"drone":"a_verifier"}},{"type":"Feature","geometry":{"type":"Point","coordinates":[15.93,37.99]},"properties":{"id":"I-153","nom":"Villages grécaniques de l'Aspromonte","type":"interet","pays":"IT","natures":["population","patrimoine"],"pratiques":["documentation","son","ecrits"],"drone":"a_verifier"}},{"type":"Feature","geometry":{"type":"Point","coordinates":[16.1,38.05]},"properties":{"id":"I-154","nom":"Villages arbëreshë","type":"interet","pays":"IT","natures":["population","mode_de_vie"],"pratiques":["documentation","son"],"drone":"a_verifier"}},{"type":"Feature","geometry":{"type":"Point","coordinates":[15.98,38.1]},"properties":{"id":"I-155","nom":"Fiumare et villages abandonnés","type":"interet","pays":"IT","natures":["paysage","architecture"],"pratiques":["documentation"],"drone":"a_verifier"}},{"type":"Feature","geometry":{"type":"Point","coordinates":[17.62,40.71]},"properties":{"id":"I-156","nom":"Oliviers séculaires et xylella","type":"interet","pays":"IT","natures":["nature","mode_de_vie","paysage"],"pratiques":["documentation","photogrammetrie","son"],"drone":"a_verifier"}},{"type":"Feature","geometry":{"type":"Point","coordinates":[17.55,40.76]},"properties":{"id":"I-157","nom":"Masserie et travail agricole","type":"interet","pays":"IT","natures":["architecture","mode_de_vie"],"pratiques":["documentation","son"],"drone":"a_verifier"}},{"type":"Feature","geometry":{"type":"Point","coordinates":[16.03,41.94]},"properties":{"id":"I-158","nom":"Trabucchi du Gargano","type":"interet","pays":"IT","natures":["infrastructure","patrimoine"],"pratiques":["documentation"],"drone":"a_verifier"}},{"type":"Feature","geometry":{"type":"Point","coordinates":[16,41.83]},"properties":{"id":"I-159","nom":"Forêt Umbra et bergers du Gargano","type":"interet","pays":"IT","natures":["nature","mode_de_vie"],"pratiques":["documentation","rando"],"drone":"a_verifier"}},{"type":"Feature","geometry":{"type":"Point","coordinates":[-3.01,47.59]},"properties":{"id":"I-16","nom":"Chantiers ostréicoles de la rivière de Crac'h","type":"interet","pays":"FR","natures":["mode_de_vie","infrastructure"],"pratiques":["documentation","son"],"drone":"a_verifier"}},{"type":"Feature","geometry":{"type":"Point","coordinates":[12.28,45.22]},"properties":{"id":"I-160","nom":"Marché aux poissons et pêcheurs de Chioggia","type":"interet","pays":"IT","natures":["mode_de_vie","population"],"pratiques":["documentation","son"],"drone":"a_verifier"}},{"type":"Feature","geometry":{"type":"Point","coordinates":[12.35,45.44]},"properties":{"id":"I-161","nom":"Vie quotidienne des îles habitées","type":"interet","pays":"IT","natures":["population","mode_de_vie"],"pratiques":["documentation","son"],"drone":"a_verifier"}},{"type":"Feature","geometry":{"type":"Point","coordinates":[12.35,45.46]},"properties":{"id":"I-162","nom":"Verriers de Murano","type":"interet","pays":"IT","natures":["mode_de_vie","patrimoine"],"pratiques":["documentation","video","son"],"drone":"a_verifier"}},{"type":"Feature","geometry":{"type":"Point","coordinates":[12.3,45.28]},"properties":{"id":"I-163","nom":"Valli da pesca de la lagune sud","type":"interet","pays":"IT","natures":["infrastructure","nature"],"pratiques":["documentation","drone"],"drone":"a_verifier"}},{"type":"Feature","geometry":{"type":"Point","coordinates":[13.58,46.25]},"properties":{"id":"I-164","nom":"Vestiges du front de l'Isonzo","type":"interet","pays":"SI","natures":["patrimoine","infrastructure"],"pratiques":["documentation","rando"],"drone":"a_verifier"}},{"type":"Feature","geometry":{"type":"Point","coordinates":[13.6,46.3]},"properties":{"id":"I-165","nom":"Élevage et fromageries de la Soča","type":"interet","pays":"SI","natures":["mode_de_vie"],"pratiques":["documentation","son"],"drone":"a_verifier"}},{"type":"Feature","geometry":{"type":"Point","coordinates":[13.84,45.82]},"properties":{"id":"I-166","nom":"Villages du Karst et bora","type":"interet","pays":"SI","natures":["architecture","mode_de_vie"],"pratiques":["documentation","dessin","son"],"drone":"a_verifier"}},{"type":"Feature","geometry":{"type":"Point","coordinates":[13.88,45.8]},"properties":{"id":"I-167","nom":"Vignoble et osmize","type":"interet","pays":"SI","natures":["mode_de_vie","population"],"pratiques":["documentation","son"],"drone":"a_verifier"}},{"type":"Feature","geometry":{"type":"Point","coordinates":[13.63,45.08]},"properties":{"id":"I-168","nom":"Pêcheurs et chantier de barques","type":"interet","pays":"HR","natures":["mode_de_vie","patrimoine"],"pratiques":["documentation","son"],"drone":"a_verifier"}},{"type":"Feature","geometry":{"type":"Point","coordinates":[13.64,45.09]},"properties":{"id":"I-169","nom":"Bilinguisme italo-croate au quotidien","type":"interet","pays":"HR","natures":["population","mode_de_vie"],"pratiques":["documentation","son"],"drone":"a_verifier"}},{"type":"Feature","geometry":{"type":"Point","coordinates":[-2.9,47.57]},"properties":{"id":"I-17","nom":"Cairn de Gavrinis depuis la rive","type":"interet","pays":"FR","natures":["patrimoine"],"pratiques":["documentation"],"drone":"a_verifier"}},{"type":"Feature","geometry":{"type":"Point","coordinates":[13.85,45.32]},"properties":{"id":"I-170","nom":"Villages perchés et dépeuplement intérieur","type":"interet","pays":"HR","natures":["architecture","population"],"pratiques":["documentation","dessin"],"drone":"a_verifier"}},{"type":"Feature","geometry":{"type":"Point","coordinates":[13.88,45.36]},"properties":{"id":"I-171","nom":"Trufficulture et chiens truffiers","type":"interet","pays":"HR","natures":["mode_de_vie"],"pratiques":["documentation","son","video"],"drone":"a_verifier"}},{"type":"Feature","geometry":{"type":"Point","coordinates":[15.98,45.81]},"properties":{"id":"I-172","nom":"Marché de Dolac et vie de quartier","type":"interet","pays":"HR","natures":["mode_de_vie","population"],"pratiques":["documentation","son"],"drone":"a_verifier"}},{"type":"Feature","geometry":{"type":"Point","coordinates":[15.97,45.77]},"properties":{"id":"I-173","nom":"Grands ensembles de Novi Zagreb","type":"interet","pays":"HR","natures":["architecture","mode_de_vie"],"pratiques":["documentation","son"],"drone":"a_verifier"}},{"type":"Feature","geometry":{"type":"Point","coordinates":[15.78,46.02]},"properties":{"id":"I-174","nom":"Villages du Zagorje","type":"interet","pays":"HR","natures":["architecture","mode_de_vie"],"pratiques":["documentation","dessin"],"drone":"a_verifier"}},{"type":"Feature","geometry":{"type":"Point","coordinates":[15.75,46.05]},"properties":{"id":"I-175","nom":"Musée ethnographique de plein air","type":"interet","pays":"HR","natures":["patrimoine"],"pratiques":["documentation"],"drone":"a_verifier"}},{"type":"Feature","geometry":{"type":"Point","coordinates":[15.22,44.12]},"properties":{"id":"I-176","nom":"Orgue marin et front de mer","type":"interet","pays":"HR","natures":["infrastructure","architecture"],"pratiques":["documentation","son"],"drone":"a_verifier"}},{"type":"Feature","geometry":{"type":"Point","coordinates":[15.61,44.03]},"properties":{"id":"I-177","nom":"Villages reconstruits et retours","type":"interet","pays":"HR","natures":["population","mode_de_vie"],"pratiques":["documentation","son","ecrits"],"drone":"a_verifier"}},{"type":"Feature","geometry":{"type":"Point","coordinates":[15.62,44.04]},"properties":{"id":"I-178","nom":"Élevage et marchés de Benkovac","type":"interet","pays":"HR","natures":["mode_de_vie","population"],"pratiques":["documentation","son"],"drone":"a_verifier"}},{"type":"Feature","geometry":{"type":"Point","coordinates":[15.15,44.05]},"properties":{"id":"I-179","nom":"Îles de Zadar par les ferries de ligne","type":"interet","pays":"HR","natures":["mode_de_vie","population"],"pratiques":["documentation","son"],"drone":"a_verifier"}},{"type":"Feature","geometry":{"type":"Point","coordinates":[-2.72,47.51]},"properties":{"id":"I-18","nom":"Marais salants et salines de Rhuys","type":"interet","pays":"FR","natures":["mode_de_vie","paysage"],"pratiques":["documentation","son","dessin"],"drone":"a_verifier"}},{"type":"Feature","geometry":{"type":"Point","coordinates":[16.44,43.51]},"properties":{"id":"I-180","nom":"Palais de Dioclétien habité","type":"interet","pays":"HR","natures":["architecture","mode_de_vie"],"pratiques":["documentation","son","photogrammetrie"],"drone":"a_verifier"}},{"type":"Feature","geometry":{"type":"Point","coordinates":[16.24,43.51]},"properties":{"id":"I-181","nom":"Chantiers navals de Trogir","type":"interet","pays":"HR","natures":["infrastructure","mode_de_vie"],"pratiques":["documentation","son"],"drone":"a_verifier"}},{"type":"Feature","geometry":{"type":"Point","coordinates":[16.64,43.7]},"properties":{"id":"I-182","nom":"Alka de Sinj et sociétés de village","type":"interet","pays":"HR","natures":["evenement","population"],"pratiques":["documentation","video","son"],"drone":"a_verifier"}},{"type":"Feature","geometry":{"type":"Point","coordinates":[16.7,43.75]},"properties":{"id":"I-183","nom":"Karst habité et bergers de la Zagora","type":"interet","pays":"HR","natures":["mode_de_vie","paysage"],"pratiques":["documentation","son"],"drone":"a_verifier"}},{"type":"Feature","geometry":{"type":"Point","coordinates":[17.81,43.34]},"properties":{"id":"I-184","nom":"Ville divisée : deux réseaux, une rivière","type":"interet","pays":"BA","natures":["population","mode_de_vie"],"pratiques":["documentation","son","ecrits"],"drone":"a_verifier"}},{"type":"Feature","geometry":{"type":"Point","coordinates":[17.81,43.34]},"properties":{"id":"I-185","nom":"Vieux pont et quartier ottoman","type":"interet","pays":"BA","natures":["architecture","patrimoine"],"pratiques":["documentation","dessin"],"drone":"a_verifier"}},{"type":"Feature","geometry":{"type":"Point","coordinates":[17.9,43.26]},"properties":{"id":"I-186","nom":"Tekke de Blagaj et source de la Buna","type":"interet","pays":"BA","natures":["architecture","nature"],"pratiques":["documentation"],"drone":"a_verifier"}},{"type":"Feature","geometry":{"type":"Point","coordinates":[17.85,43.2]},"properties":{"id":"I-187","nom":"Villages de la Neretva et agriculture de vallée","type":"interet","pays":"BA","natures":["mode_de_vie"],"pratiques":["documentation","son"],"drone":"a_verifier"}},{"type":"Feature","geometry":{"type":"Point","coordinates":[18.76,42.48]},"properties":{"id":"I-188","nom":"Villages des Bouches et diaspora maritime","type":"interet","pays":"ME","natures":["architecture","population"],"pratiques":["documentation","son"],"drone":"a_verifier"}},{"type":"Feature","geometry":{"type":"Point","coordinates":[19.1,43.12]},"properties":{"id":"I-189","nom":"Katuns et bergers du Durmitor","type":"interet","pays":"ME","natures":["mode_de_vie","paysage"],"pratiques":["documentation","son","dessin"],"drone":"a_verifier"}},{"type":"Feature","geometry":{"type":"Point","coordinates":[-2.75,47.75]},"properties":{"id":"I-19","nom":"Landes de Lanvaux","type":"interet","pays":"FR","natures":["paysage","nature"],"pratiques":["documentation","rando"],"drone":"a_verifier"}},{"type":"Feature","geometry":{"type":"Point","coordinates":[19.3,43.15]},"properties":{"id":"I-190","nom":"Canyon de la Tara","type":"interet","pays":"ME","natures":["paysage","nature"],"pratiques":["documentation","drone"],"drone":"a_verifier"}},{"type":"Feature","geometry":{"type":"Point","coordinates":[19.29,43.15]},"properties":{"id":"I-191","nom":"Ponts et routes de montagne","type":"interet","pays":"ME","natures":["infrastructure"],"pratiques":["documentation","moto"],"drone":"a_verifier"}},{"type":"Feature","geometry":{"type":"Point","coordinates":[20.14,40.07]},"properties":{"id":"I-192","nom":"Maisons-tours de Gjirokastër","type":"interet","pays":"AL","natures":["architecture","patrimoine"],"pratiques":["documentation","photogrammetrie","dessin"],"drone":"a_verifier"}},{"type":"Feature","geometry":{"type":"Point","coordinates":[20.1,40.05]},"properties":{"id":"I-193","nom":"Bunkers de la dictature","type":"interet","pays":"AL","natures":["infrastructure","patrimoine"],"pratiques":["documentation"],"drone":"a_verifier"}},{"type":"Feature","geometry":{"type":"Point","coordinates":[20,39.95]},"properties":{"id":"I-194","nom":"Villages grecs de la minorité du Sud","type":"interet","pays":"AL","natures":["population","mode_de_vie"],"pratiques":["documentation","son"],"drone":"a_verifier"}},{"type":"Feature","geometry":{"type":"Point","coordinates":[19.75,40.1]},"properties":{"id":"I-195","nom":"Riviera et urbanisation récente","type":"interet","pays":"AL","natures":["mode_de_vie","infrastructure"],"pratiques":["documentation"],"drone":"a_verifier"}},{"type":"Feature","geometry":{"type":"Point","coordinates":[20.78,39.87]},"properties":{"id":"I-196","nom":"Ponts de pierre du Zagori","type":"interet","pays":"GR","natures":["architecture","patrimoine"],"pratiques":["documentation","photogrammetrie","dessin"],"drone":"a_verifier"}},{"type":"Feature","geometry":{"type":"Point","coordinates":[20.75,39.88]},"properties":{"id":"I-197","nom":"Villages du Zagori et dernières familles","type":"interet","pays":"GR","natures":["population","mode_de_vie"],"pratiques":["documentation","son","ecrits"],"drone":"a_verifier"}},{"type":"Feature","geometry":{"type":"Point","coordinates":[20.73,39.92]},"properties":{"id":"I-198","nom":"Gorges du Vikos","type":"interet","pays":"GR","natures":["paysage","nature"],"pratiques":["documentation","rando","drone"],"drone":"a_verifier"}},{"type":"Feature","geometry":{"type":"Point","coordinates":[20.86,39.67]},"properties":{"id":"I-199","nom":"Lac de Ioannina et pêcheurs","type":"interet","pays":"GR","natures":["mode_de_vie"],"pratiques":["documentation","son"],"drone":"a_verifier"}},{"type":"Feature","geometry":{"type":"Point","coordinates":[-2.2,47.27]},"properties":{"id":"I-20","nom":"Base sous-marine et forme écluse","type":"interet","pays":"FR","natures":["architecture","infrastructure","patrimoine"],"pratiques":["documentation","photogrammetrie","lidar"],"drone":"a_verifier"}},{"type":"Feature","geometry":{"type":"Point","coordinates":[21.63,39.72]},"properties":{"id":"I-200","nom":"Monastères des Météores","type":"interet","pays":"GR","natures":["architecture","patrimoine"],"pratiques":["documentation","dessin"],"drone":"a_verifier"}},{"type":"Feature","geometry":{"type":"Point","coordinates":[21.8,39.52]},"properties":{"id":"I-201","nom":"Coton et grande culture thessalienne","type":"interet","pays":"GR","natures":["mode_de_vie","infrastructure"],"pratiques":["documentation","son"],"drone":"a_verifier"}},{"type":"Feature","geometry":{"type":"Point","coordinates":[21.77,39.55]},"properties":{"id":"I-202","nom":"Marchés hebdomadaires de Trikala","type":"interet","pays":"GR","natures":["population","mode_de_vie"],"pratiques":["documentation","son"],"drone":"a_verifier"}},{"type":"Feature","geometry":{"type":"Point","coordinates":[21.55,39.78]},"properties":{"id":"I-203","nom":"Villages du Pinde oriental","type":"interet","pays":"GR","natures":["mode_de_vie","paysage"],"pratiques":["documentation"],"drone":"a_verifier"}},{"type":"Feature","geometry":{"type":"Point","coordinates":[22.94,40.63]},"properties":{"id":"I-204","nom":"Marché Modiano et quartiers de réfugiés","type":"interet","pays":"GR","natures":["population","mode_de_vie"],"pratiques":["documentation","son","ecrits"],"drone":"a_verifier"}},{"type":"Feature","geometry":{"type":"Point","coordinates":[22.93,40.63]},"properties":{"id":"I-205","nom":"Port et activité de fret","type":"interet","pays":"GR","natures":["infrastructure","mode_de_vie"],"pratiques":["documentation"],"drone":"a_verifier"}},{"type":"Feature","geometry":{"type":"Point","coordinates":[23.78,40.08]},"properties":{"id":"I-206","nom":"Plongée en Chalcidique","type":"interet","pays":"GR","natures":["nature","sport"],"pratiques":["plongee","documentation","video"],"drone":"a_verifier"}},{"type":"Feature","geometry":{"type":"Point","coordinates":[23.7,40.15]},"properties":{"id":"I-207","nom":"Villages de pêche et tourisme grec","type":"interet","pays":"GR","natures":["mode_de_vie","population"],"pratiques":["documentation","son"],"drone":"a_verifier"}},{"type":"Feature","geometry":{"type":"Point","coordinates":[22.38,36.67]},"properties":{"id":"I-208","nom":"Maisons-tours du Magne","type":"interet","pays":"GR","natures":["architecture","patrimoine"],"pratiques":["documentation","photogrammetrie","dessin"],"drone":"a_verifier"}},{"type":"Feature","geometry":{"type":"Point","coordinates":[22.42,36.7]},"properties":{"id":"I-209","nom":"Oliveraies et moulins du Magne","type":"interet","pays":"GR","natures":["mode_de_vie","infrastructure"],"pratiques":["documentation","son"],"drone":"a_verifier"}},{"type":"Feature","geometry":{"type":"Point","coordinates":[-2.19,47.28]},"properties":{"id":"I-21","nom":"Chantiers navals depuis les quais","type":"interet","pays":"FR","natures":["infrastructure","mode_de_vie"],"pratiques":["documentation","video"],"drone":"a_verifier"}},{"type":"Feature","geometry":{"type":"Point","coordinates":[22.5,36.72]},"properties":{"id":"I-210","nom":"Villages vides et retours d'été","type":"interet","pays":"GR","natures":["population","mode_de_vie"],"pratiques":["documentation","son","ecrits"],"drone":"a_verifier"}},{"type":"Feature","geometry":{"type":"Point","coordinates":[22.58,36.74]},"properties":{"id":"I-211","nom":"Plongée en Laconie","type":"interet","pays":"GR","natures":["nature","sport"],"pratiques":["plongee","documentation"],"drone":"a_verifier"}},{"type":"Feature","geometry":{"type":"Point","coordinates":[29.03,40.99]},"properties":{"id":"I-212","nom":"Marchés et rues de Kadıköy","type":"interet","pays":"TR","natures":["mode_de_vie","population"],"pratiques":["documentation","son","video"],"drone":"a_verifier"}},{"type":"Feature","geometry":{"type":"Point","coordinates":[29.01,41.02]},"properties":{"id":"I-213","nom":"Traversées du Bosphore et vapur","type":"interet","pays":"TR","natures":["infrastructure","mode_de_vie"],"pratiques":["documentation","son"],"drone":"a_verifier"}},{"type":"Feature","geometry":{"type":"Point","coordinates":[28.97,41.02]},"properties":{"id":"I-214","nom":"Pêcheurs du pont de Galata","type":"interet","pays":"TR","natures":["mode_de_vie","population"],"pratiques":["documentation","son"],"drone":"a_verifier"}},{"type":"Feature","geometry":{"type":"Point","coordinates":[28.97,41.01]},"properties":{"id":"I-215","nom":"Quartiers d'artisans et han","type":"interet","pays":"TR","natures":["architecture","mode_de_vie"],"pratiques":["documentation","son"],"drone":"a_verifier"}},{"type":"Feature","geometry":{"type":"Point","coordinates":[26.56,41.68]},"properties":{"id":"I-216","nom":"Mosquée Selimiye","type":"interet","pays":"TR","natures":["architecture","patrimoine"],"pratiques":["documentation","dessin"],"drone":"a_verifier"}},{"type":"Feature","geometry":{"type":"Point","coordinates":[26.56,41.67]},"properties":{"id":"I-217","nom":"Bazars et commerce de frontière","type":"interet","pays":"TR","natures":["mode_de_vie","population"],"pratiques":["documentation","son"],"drone":"a_verifier"}},{"type":"Feature","geometry":{"type":"Point","coordinates":[26.51,41.72]},"properties":{"id":"I-218","nom":"Poste-frontière et attente","type":"interet","pays":"TR","natures":["infrastructure","mode_de_vie"],"pratiques":["documentation"],"drone":"a_verifier"}},{"type":"Feature","geometry":{"type":"Point","coordinates":[24.7,41.58]},"properties":{"id":"I-219","nom":"Villages pomaques et bilinguisme","type":"interet","pays":"BG","natures":["population","mode_de_vie"],"pratiques":["documentation","son","ecrits"],"drone":"a_verifier"}},{"type":"Feature","geometry":{"type":"Point","coordinates":[-2.21,47.28]},"properties":{"id":"I-22","nom":"Quartiers reconstruits d'après-guerre","type":"interet","pays":"FR","natures":["architecture","mode_de_vie"],"pratiques":["documentation","son"],"drone":"a_verifier"}},{"type":"Feature","geometry":{"type":"Point","coordinates":[24.75,41.62]},"properties":{"id":"I-220","nom":"Séchoirs à tabac et culture de montagne","type":"interet","pays":"BG","natures":["mode_de_vie","infrastructure"],"pratiques":["documentation","son"],"drone":"a_verifier"}},{"type":"Feature","geometry":{"type":"Point","coordinates":[24.75,42.15]},"properties":{"id":"I-221","nom":"Vieille ville de Plovdiv et maisons du Réveil","type":"interet","pays":"BG","natures":["architecture","patrimoine"],"pratiques":["documentation","dessin"],"drone":"a_verifier"}},{"type":"Feature","geometry":{"type":"Point","coordinates":[24.78,42.15]},"properties":{"id":"I-222","nom":"Quartier Stolipinovo","type":"interet","pays":"BG","natures":["population","mode_de_vie"],"pratiques":["documentation","son"],"drone":"a_verifier"}},{"type":"Feature","geometry":{"type":"Point","coordinates":[20.79,41.11]},"properties":{"id":"I-223","nom":"Pêcheurs du lac d'Ohrid","type":"interet","pays":"MK","natures":["mode_de_vie","nature"],"pratiques":["documentation","son"],"drone":"a_verifier"}},{"type":"Feature","geometry":{"type":"Point","coordinates":[20.79,41.08]},"properties":{"id":"I-224","nom":"Monastères et fresques byzantines","type":"interet","pays":"MK","natures":["architecture","patrimoine"],"pratiques":["documentation","dessin"],"drone":"a_verifier"}},{"type":"Feature","geometry":{"type":"Point","coordinates":[21.78,41.72]},"properties":{"id":"I-225","nom":"Industrie et friches du Vardar","type":"interet","pays":"MK","natures":["infrastructure","mode_de_vie"],"pratiques":["documentation"],"drone":"a_verifier"}},{"type":"Feature","geometry":{"type":"Point","coordinates":[21.85,41.68]},"properties":{"id":"I-226","nom":"Marchés et villages du Vardar","type":"interet","pays":"MK","natures":["population","mode_de_vie"],"pratiques":["documentation","son"],"drone":"a_verifier"}},{"type":"Feature","geometry":{"type":"Point","coordinates":[20.41,44.85]},"properties":{"id":"I-227","nom":"Zemun et vie de bord de Danube","type":"interet","pays":"RS","natures":["mode_de_vie","population"],"pratiques":["documentation","son"],"drone":"a_verifier"}},{"type":"Feature","geometry":{"type":"Point","coordinates":[20.42,44.81]},"properties":{"id":"I-228","nom":"Blocs de Novi Beograd","type":"interet","pays":"RS","natures":["architecture","mode_de_vie"],"pratiques":["documentation","son"],"drone":"a_verifier"}},{"type":"Feature","geometry":{"type":"Point","coordinates":[20.91,44.01]},"properties":{"id":"I-229","nom":"Usines Zastava et mémoire ouvrière","type":"interet","pays":"RS","natures":["infrastructure","population"],"pratiques":["documentation","son","ecrits"],"drone":"a_verifier"}},{"type":"Feature","geometry":{"type":"Point","coordinates":[-2.31,47.38]},"properties":{"id":"I-23","nom":"Chaumières et tourbières de Brière","type":"interet","pays":"FR","natures":["mode_de_vie","paysage"],"pratiques":["documentation","dessin","son"],"drone":"a_verifier"}},{"type":"Feature","geometry":{"type":"Point","coordinates":[21,43.95]},"properties":{"id":"I-230","nom":"Villages de la Morava et agriculture familiale","type":"interet","pays":"RS","natures":["mode_de_vie"],"pratiques":["documentation","son"],"drone":"a_verifier"}},{"type":"Feature","geometry":{"type":"Point","coordinates":[21.15,47.58]},"properties":{"id":"I-231","nom":"Bergers et bétail gris de la puszta","type":"interet","pays":"HU","natures":["mode_de_vie","population"],"pratiques":["documentation","son","video"],"drone":"a_verifier"}},{"type":"Feature","geometry":{"type":"Point","coordinates":[21.18,47.6]},"properties":{"id":"I-232","nom":"Nuit d'observation en réserve du Hortobágy","type":"interet","pays":"HU","natures":["ciel"],"pratiques":["astro"],"drone":"a_verifier"}},{"type":"Feature","geometry":{"type":"Point","coordinates":[21.1,47.55]},"properties":{"id":"I-233","nom":"Puits à balancier et architecture de plaine","type":"interet","pays":"HU","natures":["architecture","patrimoine"],"pratiques":["documentation","dessin"],"drone":"a_verifier"}},{"type":"Feature","geometry":{"type":"Point","coordinates":[20.76,47.62]},"properties":{"id":"I-234","nom":"Pêche et roselières de la Tisza","type":"interet","pays":"HU","natures":["mode_de_vie","nature"],"pratiques":["documentation","son"],"drone":"a_verifier"}},{"type":"Feature","geometry":{"type":"Point","coordinates":[19.08,47.52]},"properties":{"id":"I-235","nom":"Bains publics et sociabilité","type":"interet","pays":"HU","natures":["mode_de_vie","population"],"pratiques":["documentation","son"],"drone":"a_verifier"}},{"type":"Feature","geometry":{"type":"Point","coordinates":[19.06,47.49]},"properties":{"id":"I-236","nom":"Marché couvert et approvisionnement","type":"interet","pays":"HU","natures":["mode_de_vie"],"pratiques":["documentation","son"],"drone":"a_verifier"}},{"type":"Feature","geometry":{"type":"Point","coordinates":[19.09,47.5]},"properties":{"id":"I-237","nom":"Quartiers ouvriers de Pest et cours","type":"interet","pays":"HU","natures":["architecture","mode_de_vie"],"pratiques":["documentation","son"],"drone":"a_verifier"}},{"type":"Feature","geometry":{"type":"Point","coordinates":[19.1,47.7]},"properties":{"id":"I-238","nom":"Villages serbes du coude du Danube","type":"interet","pays":"HU","natures":["population","patrimoine"],"pratiques":["documentation","son"],"drone":"a_verifier"}},{"type":"Feature","geometry":{"type":"Point","coordinates":[15.58,46.75]},"properties":{"id":"I-239","nom":"Buschenschank et viticulture familiale","type":"interet","pays":"AT","natures":["mode_de_vie","population"],"pratiques":["documentation","son"],"drone":"a_verifier"}},{"type":"Feature","geometry":{"type":"Point","coordinates":[-2.42,47.33]},"properties":{"id":"I-24","nom":"Marais salants de Guérande","type":"interet","pays":"FR","natures":["mode_de_vie","paysage"],"pratiques":["documentation","son","drone"],"drone":"a_verifier"}},{"type":"Feature","geometry":{"type":"Point","coordinates":[15.55,48.38]},"properties":{"id":"I-240","nom":"Terrasses de la Wachau","type":"interet","pays":"AT","natures":["infrastructure","paysage"],"pratiques":["documentation","drone","dessin"],"drone":"a_verifier"}},{"type":"Feature","geometry":{"type":"Point","coordinates":[15.33,48.23]},"properties":{"id":"I-241","nom":"Abbaye de Melk et bibliothèque","type":"interet","pays":"AT","natures":["architecture","patrimoine"],"pratiques":["documentation"],"drone":"a_verifier"}},{"type":"Feature","geometry":{"type":"Point","coordinates":[15.5,46.82]},"properties":{"id":"I-242","nom":"Villages d'ordre et rapport à la norme","type":"interet","pays":"AT","natures":["mode_de_vie","architecture"],"pratiques":["documentation","son"],"drone":"a_verifier"}},{"type":"Feature","geometry":{"type":"Point","coordinates":[18.28,49.82]},"properties":{"id":"I-243","nom":"Hauts fourneaux de Vítkovice","type":"interet","pays":"CZ","natures":["infrastructure","patrimoine"],"pratiques":["documentation","photogrammetrie","lidar"],"drone":"a_verifier"}},{"type":"Feature","geometry":{"type":"Point","coordinates":[18.26,49.81]},"properties":{"id":"I-244","nom":"Cités ouvrières et mémoire minière","type":"interet","pays":"CZ","natures":["population","mode_de_vie"],"pratiques":["documentation","son","ecrits"],"drone":"a_verifier"}},{"type":"Feature","geometry":{"type":"Point","coordinates":[14.77,49]},"properties":{"id":"I-245","nom":"Étangs de Bohême et pêche d'automne","type":"interet","pays":"CZ","natures":["mode_de_vie","infrastructure"],"pratiques":["documentation","son","video"],"drone":"a_verifier"}},{"type":"Feature","geometry":{"type":"Point","coordinates":[14.7,49.05]},"properties":{"id":"I-246","nom":"Villages baroques de Bohême du Sud","type":"interet","pays":"CZ","natures":["architecture","patrimoine"],"pratiques":["documentation","dessin"],"drone":"a_verifier"}},{"type":"Feature","geometry":{"type":"Point","coordinates":[19.8,49.38]},"properties":{"id":"I-247","nom":"Maisons de bois du Podhale","type":"interet","pays":"PL","natures":["architecture","patrimoine"],"pratiques":["documentation","photogrammetrie","dessin"],"drone":"a_verifier"}},{"type":"Feature","geometry":{"type":"Point","coordinates":[20,49.27]},"properties":{"id":"I-248","nom":"Bergers et bacówka des Tatras","type":"interet","pays":"PL","natures":["mode_de_vie"],"pratiques":["documentation","son"],"drone":"a_verifier"}},{"type":"Feature","geometry":{"type":"Point","coordinates":[19.95,49.29]},"properties":{"id":"I-249","nom":"Tourisme intérieur polonais","type":"interet","pays":"PL","natures":["population","mode_de_vie"],"pratiques":["documentation","son"],"drone":"a_verifier"}},{"type":"Feature","geometry":{"type":"Point","coordinates":[-0.95,45.94]},"properties":{"id":"I-25","nom":"Corderie royale","type":"interet","pays":"FR","natures":["architecture","patrimoine","infrastructure"],"pratiques":["documentation","photogrammetrie"],"drone":"a_verifier"}},{"type":"Feature","geometry":{"type":"Point","coordinates":[20.05,49.23]},"properties":{"id":"I-250","nom":"Randonnée en haute Tatra","type":"interet","pays":"PL","natures":["paysage","nature"],"pratiques":["rando","documentation"],"drone":"a_verifier"}},{"type":"Feature","geometry":{"type":"Point","coordinates":[23.75,52.75]},"properties":{"id":"I-251","nom":"Villages de bois peints de Podlachie","type":"interet","pays":"PL","natures":["architecture","mode_de_vie"],"pratiques":["documentation","photogrammetrie","dessin"],"drone":"a_verifier"}},{"type":"Feature","geometry":{"type":"Point","coordinates":[23.7,52.65]},"properties":{"id":"I-252","nom":"Minorité biélorusse et orthodoxie","type":"interet","pays":"PL","natures":["population","patrimoine"],"pratiques":["documentation","son"],"drone":"a_verifier"}},{"type":"Feature","geometry":{"type":"Point","coordinates":[23.85,52.71]},"properties":{"id":"I-253","nom":"Forêt de Białowieża","type":"interet","pays":"PL","natures":["nature","paysage"],"pratiques":["documentation","rando"],"drone":"a_verifier"}},{"type":"Feature","geometry":{"type":"Point","coordinates":[22.78,53.2]},"properties":{"id":"I-254","nom":"Tykocin et mémoire juive de Podlachie","type":"interet","pays":"PL","natures":["patrimoine","population"],"pratiques":["documentation","ecrits"],"drone":"a_verifier"}},{"type":"Feature","geometry":{"type":"Point","coordinates":[21,55.3]},"properties":{"id":"I-255","nom":"Pêcheurs de la lagune et kurėnas","type":"interet","pays":"LT","natures":["mode_de_vie","patrimoine"],"pratiques":["documentation","son"],"drone":"a_verifier"}},{"type":"Feature","geometry":{"type":"Point","coordinates":[20.98,55.27]},"properties":{"id":"I-256","nom":"Dunes mobiles et villages ensablés","type":"interet","pays":"LT","natures":["paysage","nature"],"pratiques":["documentation","drone","dessin"],"drone":"a_verifier"}},{"type":"Feature","geometry":{"type":"Point","coordinates":[21.13,55.7]},"properties":{"id":"I-257","nom":"Port et chantiers de Klaipėda","type":"interet","pays":"LT","natures":["infrastructure","mode_de_vie"],"pratiques":["documentation"],"drone":"a_verifier"}},{"type":"Feature","geometry":{"type":"Point","coordinates":[21.06,55.75]},"properties":{"id":"I-258","nom":"Ambre et travail de la résine fossile","type":"interet","pays":"LT","natures":["mode_de_vie","patrimoine"],"pratiques":["documentation","son"],"drone":"a_verifier"}},{"type":"Feature","geometry":{"type":"Point","coordinates":[24.09,56.96]},"properties":{"id":"I-259","nom":"Quartier de bois de Riga","type":"interet","pays":"LV","natures":["architecture","mode_de_vie"],"pratiques":["documentation","photogrammetrie","dessin"],"drone":"a_verifier"}},{"type":"Feature","geometry":{"type":"Point","coordinates":[-0.94,45.91]},"properties":{"id":"I-26","nom":"Pont transbordeur de Martrou","type":"interet","pays":"FR","natures":["infrastructure","patrimoine"],"pratiques":["documentation","video","drone"],"drone":"a_verifier"}},{"type":"Feature","geometry":{"type":"Point","coordinates":[24.11,56.94]},"properties":{"id":"I-260","nom":"Marché central sous hangars à zeppelins","type":"interet","pays":"LV","natures":["mode_de_vie","infrastructure"],"pratiques":["documentation","son"],"drone":"a_verifier"}},{"type":"Feature","geometry":{"type":"Point","coordinates":[21.5,57.45]},"properties":{"id":"I-261","nom":"Villages de pêche de la côte de Courlande","type":"interet","pays":"LV","natures":["mode_de_vie","population"],"pratiques":["documentation","son"],"drone":"a_verifier"}},{"type":"Feature","geometry":{"type":"Point","coordinates":[21.4,57.55]},"properties":{"id":"I-262","nom":"Anciennes bases militaires soviétiques","type":"interet","pays":"LV","natures":["infrastructure","patrimoine"],"pratiques":["documentation"],"drone":"a_verifier"}},{"type":"Feature","geometry":{"type":"Point","coordinates":[22.4,58.35]},"properties":{"id":"I-263","nom":"Moulins et fermes de Saaremaa","type":"interet","pays":"EE","natures":["architecture","mode_de_vie"],"pratiques":["documentation","dessin"],"drone":"a_verifier"}},{"type":"Feature","geometry":{"type":"Point","coordinates":[22.49,58.25]},"properties":{"id":"I-264","nom":"Vie insulaire et desserte par ferry","type":"interet","pays":"EE","natures":["population","mode_de_vie"],"pratiques":["documentation","son"],"drone":"a_verifier"}},{"type":"Feature","geometry":{"type":"Point","coordinates":[22.67,58.37]},"properties":{"id":"I-265","nom":"Cratère de Kaali et légendes","type":"interet","pays":"EE","natures":["nature","patrimoine"],"pratiques":["documentation"],"drone":"a_verifier"}},{"type":"Feature","geometry":{"type":"Point","coordinates":[24.5,58.39]},"properties":{"id":"I-266","nom":"Pärnu hors saison","type":"interet","pays":"EE","natures":["mode_de_vie","architecture"],"pratiques":["documentation","son"],"drone":"a_verifier"}},{"type":"Feature","geometry":{"type":"Point","coordinates":[25,60.15]},"properties":{"id":"I-267","nom":"Saunas publics et sociabilité","type":"interet","pays":"FI","natures":["mode_de_vie","population"],"pratiques":["documentation","son"],"drone":"a_verifier"}},{"type":"Feature","geometry":{"type":"Point","coordinates":[24.95,60.17]},"properties":{"id":"I-268","nom":"Marché du port et archipel","type":"interet","pays":"FI","natures":["mode_de_vie","infrastructure"],"pratiques":["documentation","son"],"drone":"a_verifier"}},{"type":"Feature","geometry":{"type":"Point","coordinates":[25.66,60.39]},"properties":{"id":"I-269","nom":"Maisons de bois de Porvoo","type":"interet","pays":"FI","natures":["architecture","patrimoine"],"pratiques":["documentation","dessin"],"drone":"a_verifier"}},{"type":"Feature","geometry":{"type":"Point","coordinates":[-1.11,45.82]},"properties":{"id":"I-27","nom":"Ostréiculture de Marennes-Oléron","type":"interet","pays":"FR","natures":["mode_de_vie","infrastructure"],"pratiques":["documentation","son"],"drone":"a_verifier"}},{"type":"Feature","geometry":{"type":"Point","coordinates":[24.94,60.17]},"properties":{"id":"I-270","nom":"Modernisme finlandais","type":"interet","pays":"FI","natures":["architecture"],"pratiques":["documentation"],"drone":"a_verifier"}},{"type":"Feature","geometry":{"type":"Point","coordinates":[28.18,61.52]},"properties":{"id":"I-271","nom":"Mökki et vie de chalet","type":"interet","pays":"FI","natures":["mode_de_vie","population"],"pratiques":["documentation","son","ecrits"],"drone":"a_verifier"}},{"type":"Feature","geometry":{"type":"Point","coordinates":[28.95,61.9]},"properties":{"id":"I-272","nom":"Exploitation forestière et flottage","type":"interet","pays":"FI","natures":["infrastructure","mode_de_vie"],"pratiques":["documentation","son"],"drone":"a_verifier"}},{"type":"Feature","geometry":{"type":"Point","coordinates":[28.9,61.86]},"properties":{"id":"I-273","nom":"Château d'Olavinlinna","type":"interet","pays":"FI","natures":["architecture","patrimoine"],"pratiques":["documentation","dessin"],"drone":"a_verifier"}},{"type":"Feature","geometry":{"type":"Point","coordinates":[28.25,61.55]},"properties":{"id":"I-274","nom":"Phoque annelé du Saimaa et protection","type":"interet","pays":"FI","natures":["nature"],"pratiques":["documentation"],"drone":"a_verifier"}},{"type":"Feature","geometry":{"type":"Point","coordinates":[21.62,63.1]},"properties":{"id":"I-275","nom":"Bilinguisme finno-suédois","type":"interet","pays":"FI","natures":["population","mode_de_vie"],"pratiques":["documentation","son"],"drone":"a_verifier"}},{"type":"Feature","geometry":{"type":"Point","coordinates":[21.55,63.35]},"properties":{"id":"I-276","nom":"Rebond isostatique et terres neuves","type":"interet","pays":"FI","natures":["nature","paysage"],"pratiques":["documentation","drone"],"drone":"a_verifier"}},{"type":"Feature","geometry":{"type":"Point","coordinates":[21.48,63.3]},"properties":{"id":"I-277","nom":"Villages de pêche et fumoirs","type":"interet","pays":"FI","natures":["mode_de_vie"],"pratiques":["documentation","son"],"drone":"a_verifier"}},{"type":"Feature","geometry":{"type":"Point","coordinates":[21.7,63.05]},"properties":{"id":"I-278","nom":"Anciennes scieries et ports de bois","type":"interet","pays":"FI","natures":["infrastructure","patrimoine"],"pratiques":["documentation"],"drone":"a_verifier"}},{"type":"Feature","geometry":{"type":"Point","coordinates":[27.03,68.91]},"properties":{"id":"I-279","nom":"Élevage de rennes et marquage","type":"interet","pays":"FI","natures":["mode_de_vie","population"],"pratiques":["documentation","son","video"],"drone":"a_verifier"}},{"type":"Feature","geometry":{"type":"Point","coordinates":[-0.6,46.32]},"properties":{"id":"I-28","nom":"Réseau de canaux et maraîchins","type":"interet","pays":"FR","natures":["mode_de_vie","paysage"],"pratiques":["documentation","son","dessin"],"drone":"a_verifier"}},{"type":"Feature","geometry":{"type":"Point","coordinates":[27.02,68.9]},"properties":{"id":"I-280","nom":"Parlement sámi et institutions","type":"interet","pays":"FI","natures":["population","architecture"],"pratiques":["documentation","son"],"drone":"a_verifier"}},{"type":"Feature","geometry":{"type":"Point","coordinates":[27.03,69.9]},"properties":{"id":"I-281","nom":"Pêche au saumon du Teno","type":"interet","pays":"FI","natures":["mode_de_vie","nature"],"pratiques":["documentation","son"],"drone":"a_verifier"}},{"type":"Feature","geometry":{"type":"Point","coordinates":[27.1,69.8]},"properties":{"id":"I-282","nom":"Toundra et lumière d'été","type":"interet","pays":"FI","natures":["paysage","nature"],"pratiques":["documentation","dessin"],"drone":"a_verifier"}},{"type":"Feature","geometry":{"type":"Point","coordinates":[25.6,70.75]},"properties":{"id":"I-283","nom":"Pêche côtière arctique","type":"interet","pays":"NO","natures":["mode_de_vie","infrastructure"],"pratiques":["documentation","son","video"],"drone":"a_verifier"}},{"type":"Feature","geometry":{"type":"Point","coordinates":[25.13,70.54]},"properties":{"id":"I-284","nom":"Reconstruction d'après la terre brûlée","type":"interet","pays":"NO","natures":["architecture","population"],"pratiques":["documentation","son","ecrits"],"drone":"a_verifier"}},{"type":"Feature","geometry":{"type":"Point","coordinates":[25.2,70.5]},"properties":{"id":"I-285","nom":"Toundra côtière et rennes d'été","type":"interet","pays":"NO","natures":["paysage","mode_de_vie"],"pratiques":["documentation"],"drone":"a_verifier"}},{"type":"Feature","geometry":{"type":"Point","coordinates":[25.5,70.7]},"properties":{"id":"I-286","nom":"Route E6 et infrastructures arctiques","type":"interet","pays":"NO","natures":["infrastructure"],"pratiques":["documentation"],"drone":"a_verifier"}},{"type":"Feature","geometry":{"type":"Point","coordinates":[17.05,69.35]},"properties":{"id":"I-287","nom":"Villages de pêche de la côte extérieure","type":"interet","pays":"NO","natures":["mode_de_vie","architecture"],"pratiques":["documentation","son"],"drone":"a_verifier"}},{"type":"Feature","geometry":{"type":"Point","coordinates":[17.15,69.3]},"properties":{"id":"I-288","nom":"Routes et tunnels à voie unique","type":"interet","pays":"NO","natures":["infrastructure"],"pratiques":["documentation","video"],"drone":"a_verifier"}},{"type":"Feature","geometry":{"type":"Point","coordinates":[17.9,69.28]},"properties":{"id":"I-289","nom":"Montagnes littorales de Senja","type":"interet","pays":"NO","natures":["paysage","nature"],"pratiques":["documentation","rando","drone"],"drone":"a_verifier"}},{"type":"Feature","geometry":{"type":"Point","coordinates":[-0.75,46.28]},"properties":{"id":"I-29","nom":"Fermes du marais desséché","type":"interet","pays":"FR","natures":["mode_de_vie","architecture"],"pratiques":["documentation","son"],"drone":"a_verifier"}},{"type":"Feature","geometry":{"type":"Point","coordinates":[18.05,69.2]},"properties":{"id":"I-290","nom":"Aquaculture et cages à saumon","type":"interet","pays":"NO","natures":["infrastructure","mode_de_vie"],"pratiques":["documentation"],"drone":"a_verifier"}},{"type":"Feature","geometry":{"type":"Point","coordinates":[13.09,67.93]},"properties":{"id":"I-291","nom":"Séchoirs à morue et stockfisk","type":"interet","pays":"NO","natures":["mode_de_vie","infrastructure"],"pratiques":["documentation","son","photogrammetrie"],"drone":"a_verifier"}},{"type":"Feature","geometry":{"type":"Point","coordinates":[13.1,67.94]},"properties":{"id":"I-292","nom":"Rorbuer et logement des pêcheurs","type":"interet","pays":"NO","natures":["architecture","mode_de_vie"],"pratiques":["documentation","dessin"],"drone":"a_verifier"}},{"type":"Feature","geometry":{"type":"Point","coordinates":[13.61,68.15]},"properties":{"id":"I-293","nom":"Pêche du Lofotfiske et saisonniers","type":"interet","pays":"NO","natures":["mode_de_vie","population"],"pratiques":["documentation","son"],"drone":"a_verifier"}},{"type":"Feature","geometry":{"type":"Point","coordinates":[13.7,68.2]},"properties":{"id":"I-294","nom":"Soleil de minuit et lumière continue","type":"interet","pays":"NO","natures":["paysage","ciel"],"pratiques":["documentation","video"],"drone":"a_verifier"}},{"type":"Feature","geometry":{"type":"Point","coordinates":[7.67,62.46]},"properties":{"id":"I-295","nom":"Route de Trollstigen","type":"interet","pays":"NO","natures":["infrastructure","paysage"],"pratiques":["documentation","video","moto"],"drone":"a_verifier"}},{"type":"Feature","geometry":{"type":"Point","coordinates":[7.21,62.1]},"properties":{"id":"I-296","nom":"Fermes de pente et fauche en corde","type":"interet","pays":"NO","natures":["mode_de_vie","paysage"],"pratiques":["documentation","son"],"drone":"a_verifier"}},{"type":"Feature","geometry":{"type":"Point","coordinates":[7.2,62.11]},"properties":{"id":"I-297","nom":"Paquebots et économie de croisière","type":"interet","pays":"NO","natures":["mode_de_vie","infrastructure"],"pratiques":["documentation","son"],"drone":"a_verifier"}},{"type":"Feature","geometry":{"type":"Point","coordinates":[7.75,62.5]},"properties":{"id":"I-298","nom":"Vallée du Romsdal et alpinisme","type":"interet","pays":"NO","natures":["paysage","sport"],"pratiques":["documentation","rando"],"drone":"a_verifier"}},{"type":"Feature","geometry":{"type":"Point","coordinates":[7.4,60.42]},"properties":{"id":"I-299","nom":"Plateau de Hardangervidda","type":"interet","pays":"NO","natures":["paysage","nature"],"pratiques":["documentation","rando","dessin"],"drone":"a_verifier"}},{"type":"Feature","geometry":{"type":"Point","coordinates":[-1.25,44.69]},"properties":{"id":"I-30","nom":"Villages ostréicoles de l'Herbe et du Canon","type":"interet","pays":"FR","natures":["mode_de_vie","architecture"],"pratiques":["documentation","son","dessin"],"drone":"a_verifier"}},{"type":"Feature","geometry":{"type":"Point","coordinates":[7.5,60.45]},"properties":{"id":"I-300","nom":"Cabanes de randonnée et réseau DNT","type":"interet","pays":"NO","natures":["infrastructure","mode_de_vie"],"pratiques":["documentation","son"],"drone":"a_verifier"}},{"type":"Feature","geometry":{"type":"Point","coordinates":[7.25,60.43]},"properties":{"id":"I-301","nom":"Vøringsfossen et route de fjord","type":"interet","pays":"NO","natures":["paysage","infrastructure"],"pratiques":["documentation","video"],"drone":"a_verifier"}},{"type":"Feature","geometry":{"type":"Point","coordinates":[6.98,60.42]},"properties":{"id":"I-302","nom":"Fermes de fjord et arboriculture","type":"interet","pays":"NO","natures":["mode_de_vie"],"pratiques":["documentation","son"],"drone":"a_verifier"}},{"type":"Feature","geometry":{"type":"Point","coordinates":[6.19,58.99]},"properties":{"id":"I-303","nom":"Preikestolen et flux touristique","type":"interet","pays":"NO","natures":["paysage","population"],"pratiques":["documentation","rando"],"drone":"a_verifier"}},{"type":"Feature","geometry":{"type":"Point","coordinates":[6.66,59.05]},"properties":{"id":"I-304","nom":"Lacets de Lysebotn","type":"interet","pays":"NO","natures":["infrastructure","paysage"],"pratiques":["documentation","moto","video"],"drone":"a_verifier"}},{"type":"Feature","geometry":{"type":"Point","coordinates":[6.6,59.08]},"properties":{"id":"I-305","nom":"Hydroélectricité et villages ouvriers","type":"interet","pays":"NO","natures":["infrastructure","mode_de_vie"],"pratiques":["documentation"],"drone":"a_verifier"}},{"type":"Feature","geometry":{"type":"Point","coordinates":[6.15,59.05]},"properties":{"id":"I-306","nom":"Fermes de fjord abandonnées","type":"interet","pays":"NO","natures":["architecture","mode_de_vie"],"pratiques":["documentation"],"drone":"a_verifier"}},{"type":"Feature","geometry":{"type":"Point","coordinates":[14.54,61]},"properties":{"id":"I-307","nom":"Chevaux de Dalécarlie et ateliers","type":"interet","pays":"SE","natures":["mode_de_vie","patrimoine"],"pratiques":["documentation","son","video"],"drone":"a_verifier"}},{"type":"Feature","geometry":{"type":"Point","coordinates":[14.6,60.95]},"properties":{"id":"I-308","nom":"Fêtes de village et musique traditionnelle","type":"interet","pays":"SE","natures":["evenement","population"],"pratiques":["documentation","son"],"drone":"a_verifier"}},{"type":"Feature","geometry":{"type":"Point","coordinates":[12.7,61.55]},"properties":{"id":"I-309","nom":"Première nuit noire du retour","type":"interet","pays":"SE","natures":["ciel"],"pratiques":["astro"],"drone":"a_verifier"}},{"type":"Feature","geometry":{"type":"Point","coordinates":[-1.22,44.7]},"properties":{"id":"I-31","nom":"Réservoirs à poissons et prés salés","type":"interet","pays":"FR","natures":["infrastructure","nature"],"pratiques":["documentation"],"drone":"a_verifier"}},{"type":"Feature","geometry":{"type":"Point","coordinates":[12.8,61.5]},"properties":{"id":"I-310","nom":"Fäbod et alpages suédois","type":"interet","pays":"SE","natures":["mode_de_vie","architecture"],"pratiques":["documentation","son","dessin"],"drone":"a_verifier"}},{"type":"Feature","geometry":{"type":"Point","coordinates":[18.35,59.4]},"properties":{"id":"I-311","nom":"Ferries d'archipel et desserte insulaire","type":"interet","pays":"SE","natures":["mode_de_vie","infrastructure"],"pratiques":["documentation","son"],"drone":"a_verifier"}},{"type":"Feature","geometry":{"type":"Point","coordinates":[18.42,59.45]},"properties":{"id":"I-312","nom":"Maisons d'été et allemansrätten","type":"interet","pays":"SE","natures":["mode_de_vie","population"],"pratiques":["documentation","son"],"drone":"a_verifier"}},{"type":"Feature","geometry":{"type":"Point","coordinates":[18.02,59.31]},"properties":{"id":"I-313","nom":"Quartiers de Stockholm et logement","type":"interet","pays":"SE","natures":["architecture","mode_de_vie"],"pratiques":["documentation","son"],"drone":"a_verifier"}},{"type":"Feature","geometry":{"type":"Point","coordinates":[18.06,59.33]},"properties":{"id":"I-314","nom":"Métro et art public","type":"interet","pays":"SE","natures":["architecture","infrastructure"],"pratiques":["documentation"],"drone":"a_verifier"}},{"type":"Feature","geometry":{"type":"Point","coordinates":[11.2,58.33]},"properties":{"id":"I-315","nom":"Plongée sur épaves du Skagerrak","type":"interet","pays":"SE","natures":["nature","sport"],"pratiques":["plongee","documentation","video"],"drone":"a_verifier"}},{"type":"Feature","geometry":{"type":"Point","coordinates":[11.23,58.35]},"properties":{"id":"I-316","nom":"Criée aux crevettes de Smögen","type":"interet","pays":"SE","natures":["mode_de_vie","infrastructure"],"pratiques":["documentation","son"],"drone":"a_verifier"}},{"type":"Feature","geometry":{"type":"Point","coordinates":[11.34,58.7]},"properties":{"id":"I-317","nom":"Gravures rupestres de Tanum","type":"interet","pays":"SE","natures":["patrimoine"],"pratiques":["documentation","photogrammetrie"],"drone":"a_verifier"}},{"type":"Feature","geometry":{"type":"Point","coordinates":[11.4,58.75]},"properties":{"id":"I-318","nom":"Granite et carrières de Bohuslän","type":"interet","pays":"SE","natures":["infrastructure","mode_de_vie"],"pratiques":["documentation","son"],"drone":"a_verifier"}},{"type":"Feature","geometry":{"type":"Point","coordinates":[14.35,55.55]},"properties":{"id":"I-319","nom":"Ports de pêche d'Österlen","type":"interet","pays":"SE","natures":["mode_de_vie"],"pratiques":["documentation","son"],"drone":"a_verifier"}},{"type":"Feature","geometry":{"type":"Point","coordinates":[-1.21,44.59]},"properties":{"id":"I-32","nom":"Dune du Pilat et forêt engloutie","type":"interet","pays":"FR","natures":["paysage","nature"],"pratiques":["documentation","video","drone"],"drone":"a_verifier"}},{"type":"Feature","geometry":{"type":"Point","coordinates":[14.22,55.68]},"properties":{"id":"I-320","nom":"Pommeraies et cidreries","type":"interet","pays":"SE","natures":["mode_de_vie","infrastructure"],"pratiques":["documentation","son"],"drone":"a_verifier"}},{"type":"Feature","geometry":{"type":"Point","coordinates":[14.05,55.38]},"properties":{"id":"I-321","nom":"Ales stenar","type":"interet","pays":"SE","natures":["patrimoine"],"pratiques":["documentation","dessin"],"drone":"a_verifier"}},{"type":"Feature","geometry":{"type":"Point","coordinates":[14.25,55.7]},"properties":{"id":"I-322","nom":"Nuit d'observation en Skåne","type":"interet","pays":"SE","natures":["ciel"],"pratiques":["astro"],"drone":"a_verifier"}},{"type":"Feature","geometry":{"type":"Point","coordinates":[12.54,54.97]},"properties":{"id":"I-323","nom":"Nuits d'observation à Møn","type":"interet","pays":"DK","natures":["ciel"],"pratiques":["astro","documentation"],"drone":"a_verifier"}},{"type":"Feature","geometry":{"type":"Point","coordinates":[12.55,54.96]},"properties":{"id":"I-324","nom":"Falaises de craie en érosion","type":"interet","pays":"DK","natures":["nature","paysage"],"pratiques":["documentation","photogrammetrie"],"drone":"a_verifier"}},{"type":"Feature","geometry":{"type":"Point","coordinates":[12.3,54.98]},"properties":{"id":"I-325","nom":"Églises rurales et fresques","type":"interet","pays":"DK","natures":["architecture","patrimoine"],"pratiques":["documentation","dessin"],"drone":"a_verifier"}},{"type":"Feature","geometry":{"type":"Point","coordinates":[12.29,54.99]},"properties":{"id":"I-326","nom":"Agriculture insulaire et communauté Dark Sky","type":"interet","pays":"DK","natures":["mode_de_vie","population"],"pratiques":["documentation","son"],"drone":"a_verifier"}},{"type":"Feature","geometry":{"type":"Point","coordinates":[8.61,57.12]},"properties":{"id":"I-327","nom":"Bunkers de l'Atlantikwall","type":"interet","pays":"DK","natures":["architecture","patrimoine","infrastructure"],"pratiques":["documentation","photogrammetrie","lidar"],"drone":"a_verifier"}},{"type":"Feature","geometry":{"type":"Point","coordinates":[8.6,57.12]},"properties":{"id":"I-328","nom":"Port de Hanstholm et pêche industrielle","type":"interet","pays":"DK","natures":["infrastructure","mode_de_vie"],"pratiques":["documentation","son"],"drone":"a_verifier"}},{"type":"Feature","geometry":{"type":"Point","coordinates":[8.48,57.04]},"properties":{"id":"I-329","nom":"Communauté de surf froid","type":"interet","pays":"DK","natures":["population","mode_de_vie"],"pratiques":["documentation","son","video"],"drone":"a_verifier"}},{"type":"Feature","geometry":{"type":"Point","coordinates":[-1.05,44.58]},"properties":{"id":"I-33","nom":"Gemmage et forêt cultivée des Landes","type":"interet","pays":"FR","natures":["mode_de_vie","infrastructure"],"pratiques":["documentation","son"],"drone":"a_verifier"}},{"type":"Feature","geometry":{"type":"Point","coordinates":[8.55,57]},"properties":{"id":"I-330","nom":"Dunes mouvantes et plantations","type":"interet","pays":"DK","natures":["nature","paysage"],"pratiques":["documentation","drone"],"drone":"a_verifier"}},{"type":"Feature","geometry":{"type":"Point","coordinates":[9.95,53.53]},"properties":{"id":"I-331","nom":"Port de conteneurs et logistique","type":"interet","pays":"DE","natures":["infrastructure","mode_de_vie"],"pratiques":["documentation","video"],"drone":"a_verifier"}},{"type":"Feature","geometry":{"type":"Point","coordinates":[10.01,53.5]},"properties":{"id":"I-332","nom":"Wilhelmsburg et quartiers populaires","type":"interet","pays":"DE","natures":["population","mode_de_vie"],"pratiques":["documentation","son"],"drone":"a_verifier"}},{"type":"Feature","geometry":{"type":"Point","coordinates":[9.99,53.54]},"properties":{"id":"I-333","nom":"Speicherstadt et entrepôts de brique","type":"interet","pays":"DE","natures":["architecture","patrimoine"],"pratiques":["documentation","photogrammetrie"],"drone":"a_verifier"}},{"type":"Feature","geometry":{"type":"Point","coordinates":[9.7,53.53]},"properties":{"id":"I-334","nom":"Vergers de l'Altes Land et digues","type":"interet","pays":"DE","natures":["mode_de_vie","infrastructure"],"pratiques":["documentation","son"],"drone":"a_verifier"}},{"type":"Feature","geometry":{"type":"Point","coordinates":[6.2,53.4]},"properties":{"id":"I-335","nom":"Digues et gestion de l'eau","type":"interet","pays":"NL","natures":["infrastructure","mode_de_vie"],"pratiques":["documentation","son"],"drone":"a_verifier"}},{"type":"Feature","geometry":{"type":"Point","coordinates":[5.5,53.3]},"properties":{"id":"I-336","nom":"Wadlopen et estran découvert","type":"interet","pays":"NL","natures":["nature","sport"],"pratiques":["documentation","rando"],"drone":"a_verifier"}},{"type":"Feature","geometry":{"type":"Point","coordinates":[5.55,53.2]},"properties":{"id":"I-337","nom":"Villages en terp et fermes de polder","type":"interet","pays":"NL","natures":["architecture","mode_de_vie"],"pratiques":["documentation","dessin","drone"],"drone":"a_verifier"}},{"type":"Feature","geometry":{"type":"Point","coordinates":[6.15,53.35]},"properties":{"id":"I-338","nom":"Langue frisonne et identité régionale","type":"interet","pays":"NL","natures":["population","mode_de_vie"],"pratiques":["documentation","son"],"drone":"a_verifier"}},{"type":"Feature","geometry":{"type":"Point","coordinates":[1.6,50.23]},"properties":{"id":"I-339","nom":"Pêche à pied et sauvaginiers","type":"interet","pays":"FR","natures":["mode_de_vie","population"],"pratiques":["documentation","son"],"drone":"a_verifier"}},{"type":"Feature","geometry":{"type":"Point","coordinates":[-1.4,43.68]},"properties":{"id":"I-34","nom":"Stations fermées hors saison","type":"interet","pays":"FR","natures":["mode_de_vie","architecture"],"pratiques":["documentation","son"],"drone":"a_verifier"}},{"type":"Feature","geometry":{"type":"Point","coordinates":[1.68,50.15]},"properties":{"id":"I-340","nom":"Mollières et élevage de prés salés","type":"interet","pays":"FR","natures":["mode_de_vie","nature"],"pratiques":["documentation","son"],"drone":"a_verifier"}},{"type":"Feature","geometry":{"type":"Point","coordinates":[1.58,50.19]},"properties":{"id":"I-341","nom":"Marées et ensablement de la baie","type":"interet","pays":"FR","natures":["nature","paysage"],"pratiques":["documentation","drone","dessin"],"drone":"a_verifier"}},{"type":"Feature","geometry":{"type":"Point","coordinates":[1.62,50.22]},"properties":{"id":"I-342","nom":"Clôture éditoriale du corpus","type":"interet","pays":"FR","natures":["paysage","mode_de_vie"],"pratiques":["ecrits","documentation","dessin"],"drone":"a_verifier"}},{"type":"Feature","geometry":{"type":"Point","coordinates":[-4.3,47.85]},"properties":{"id":"I-343","nom":"Fest-noz et gouren en pays bigouden","type":"interet","pays":"FR","natures":["evenement","population"],"pratiques":["documentation","son","video"],"drone":"a_verifier"}},{"type":"Feature","geometry":{"type":"Point","coordinates":[-9.26,42.91]},"properties":{"id":"I-344","nom":"Fête de la mer et bénédiction des bateaux","type":"interet","pays":"ES","natures":["evenement","mode_de_vie"],"pratiques":["documentation","son","video"],"drone":"a_verifier"}},{"type":"Feature","geometry":{"type":"Point","coordinates":[-7.42,38.48]},"properties":{"id":"I-345","nom":"Romería de l'Alentejo","type":"interet","pays":"PT","natures":["evenement","population"],"pratiques":["documentation","son"],"drone":"a_verifier"}},{"type":"Feature","geometry":{"type":"Point","coordinates":[-5.37,36.76]},"properties":{"id":"I-346","nom":"Feria de printemps andalouse","type":"interet","pays":"ES","natures":["evenement","population"],"pratiques":["documentation","son","video"],"drone":"a_verifier"}},{"type":"Feature","geometry":{"type":"Point","coordinates":[11.33,43.32]},"properties":{"id":"I-347","nom":"Palio et fêtes de contrade","type":"interet","pays":"IT","natures":["evenement","population"],"pratiques":["documentation","son","video"],"drone":"a_verifier"}},{"type":"Feature","geometry":{"type":"Point","coordinates":[12.6,43.33]},"properties":{"id":"I-348","nom":"Sagre de village en Ombrie","type":"interet","pays":"IT","natures":["evenement","mode_de_vie"],"pratiques":["documentation","son"],"drone":"a_verifier"}},{"type":"Feature","geometry":{"type":"Point","coordinates":[13.58,42.4]},"properties":{"id":"I-349","nom":"Transhumance des Abruzzes","type":"interet","pays":"IT","natures":["evenement","mode_de_vie"],"pratiques":["documentation","son","video"],"drone":"a_verifier"}},{"type":"Feature","geometry":{"type":"Point","coordinates":[-0.9,44.1]},"properties":{"id":"I-35","nom":"Airial et bergers de la Grande Lande","type":"interet","pays":"FR","natures":["mode_de_vie","patrimoine"],"pratiques":["documentation","son","dessin"],"drone":"a_verifier"}},{"type":"Feature","geometry":{"type":"Point","coordinates":[16.64,43.7]},"properties":{"id":"I-350","nom":"Alka de Sinj","type":"interet","pays":"HR","natures":["evenement","population"],"pratiques":["documentation","video","son"],"drone":"a_verifier"}},{"type":"Feature","geometry":{"type":"Point","coordinates":[20.75,39.88]},"properties":{"id":"I-351","nom":"Panégyrie grecque de village","type":"interet","pays":"GR","natures":["evenement","population"],"pratiques":["documentation","son"],"drone":"a_verifier"}},{"type":"Feature","geometry":{"type":"Point","coordinates":[22.78,53.2]},"properties":{"id":"I-352","nom":"Marché hebdomadaire de Podlachie","type":"interet","pays":"PL","natures":["evenement","mode_de_vie"],"pratiques":["documentation","son"],"drone":"a_verifier"}},{"type":"Feature","geometry":{"type":"Point","coordinates":[14.54,61]},"properties":{"id":"I-353","nom":"Midsommar en Dalarna","type":"interet","pays":"SE","natures":["evenement","population"],"pratiques":["documentation","son","video"],"drone":"a_verifier"}},{"type":"Feature","geometry":{"type":"Point","coordinates":[14.77,49]},"properties":{"id":"I-354","nom":"Marché de Noël et fêtes d'hiver","type":"interet","pays":"CZ","natures":["evenement","mode_de_vie"],"pratiques":["documentation","son"],"drone":"a_verifier"}},{"type":"Feature","geometry":{"type":"Point","coordinates":[13.61,68.15]},"properties":{"id":"I-355","nom":"Fête de la morue aux Lofoten","type":"interet","pays":"NO","natures":["evenement","mode_de_vie"],"pratiques":["documentation","son"],"drone":"a_verifier"}},{"type":"Feature","geometry":{"type":"Point","coordinates":[22.4,36.7]},"properties":{"id":"I-356","nom":"Foire aux chevaux du Magne","type":"interet","pays":"GR","natures":["evenement","population"],"pratiques":["documentation","son"],"drone":"a_verifier"}},{"type":"Feature","geometry":{"type":"Point","coordinates":[16.55,49.15]},"properties":{"id":"I-357","nom":"Carnaval de Bâle-Campagne ou de Bohême","type":"interet","pays":"CZ","natures":["evenement","population"],"pratiques":["documentation","son","video"],"drone":"a_verifier"}},{"type":"Feature","geometry":{"type":"Point","coordinates":[-4.5,48.32]},"properties":{"id":"I-358","nom":"Épaves de la rade de Brest","type":"interet","pays":"FR","natures":["nature","sport","patrimoine"],"pratiques":["plongee","documentation"],"drone":"a_verifier"}},{"type":"Feature","geometry":{"type":"Point","coordinates":[-8.9,42.22]},"properties":{"id":"I-359","nom":"Réserve marine des îles Cíes","type":"interet","pays":"ES","natures":["nature","sport"],"pratiques":["plongee","documentation"],"drone":"a_verifier"}},{"type":"Feature","geometry":{"type":"Point","coordinates":[-1.38,43.87]},"properties":{"id":"I-36","nom":"Courant d'Huchet en galupe","type":"interet","pays":"FR","natures":["nature","paysage"],"pratiques":["documentation","dessin"],"drone":"a_verifier"}},{"type":"Feature","geometry":{"type":"Point","coordinates":[-8.9,37.03]},"properties":{"id":"I-360","nom":"Grottes sous-marines de l'Algarve","type":"interet","pays":"PT","natures":["nature","sport"],"pratiques":["plongee","video"],"drone":"a_verifier"}},{"type":"Feature","geometry":{"type":"Point","coordinates":[-0.7,37.63]},"properties":{"id":"I-361","nom":"Réserve de Cabo de Palos — Islas Hormigas","type":"interet","pays":"ES","natures":["nature","sport"],"pratiques":["plongee","documentation"],"drone":"a_verifier"}},{"type":"Feature","geometry":{"type":"Point","coordinates":[9.4,44.28]},"properties":{"id":"I-362","nom":"Épaves de la côte ligure","type":"interet","pays":"IT","natures":["nature","sport","patrimoine"],"pratiques":["plongee","documentation"],"drone":"a_verifier"}},{"type":"Feature","geometry":{"type":"Point","coordinates":[13.2,38.2]},"properties":{"id":"I-363","nom":"Grottes de Capo Caccia et tombants sardes","type":"interet","pays":"IT","natures":["nature","sport"],"pratiques":["plongee","video"],"drone":"a_verifier"}},{"type":"Feature","geometry":{"type":"Point","coordinates":[13.75,44.91]},"properties":{"id":"I-364","nom":"Parc de Brijuni et fonds istriens","type":"interet","pays":"HR","natures":["nature","sport"],"pratiques":["plongee","documentation"],"drone":"a_verifier"}},{"type":"Feature","geometry":{"type":"Point","coordinates":[13.72,44.95]},"properties":{"id":"I-365","nom":"Épave du Baron Gautsch","type":"interet","pays":"HR","natures":["patrimoine","sport"],"pratiques":["plongee","video"],"drone":"a_verifier"}},{"type":"Feature","geometry":{"type":"Point","coordinates":[18.6,42.4]},"properties":{"id":"I-366","nom":"Bleu de Kotor et grottes du Monténégro","type":"interet","pays":"ME","natures":["nature","sport"],"pratiques":["plongee","documentation"],"drone":"a_verifier"}},{"type":"Feature","geometry":{"type":"Point","coordinates":[11.18,58.32]},"properties":{"id":"I-367","nom":"Épaves de la Baltique","type":"interet","pays":"SE","natures":["patrimoine","sport"],"pratiques":["plongee","documentation"],"drone":"a_verifier"}},{"type":"Feature","geometry":{"type":"Point","coordinates":[-3.38,37.09]},"properties":{"id":"I-368","nom":"Domaines de Sierra Nevada","type":"interet","pays":"ES","natures":["sport","paysage"],"pratiques":["ski","documentation"],"drone":"a_verifier"}},{"type":"Feature","geometry":{"type":"Point","coordinates":[-7.61,40.32]},"properties":{"id":"I-369","nom":"Serra da Estrela — domaine portugais","type":"interet","pays":"PT","natures":["sport"],"pratiques":["ski","documentation"],"drone":"a_verifier"}},{"type":"Feature","geometry":{"type":"Point","coordinates":[-1.2,43.9]},"properties":{"id":"I-37","nom":"Scieries et exploitation résinière","type":"interet","pays":"FR","natures":["infrastructure","mode_de_vie"],"pratiques":["documentation","son"],"drone":"a_verifier"}},{"type":"Feature","geometry":{"type":"Point","coordinates":[6.85,44.72]},"properties":{"id":"I-370","nom":"Hautes vallées du Queyras hors-piste","type":"interet","pays":"FR","natures":["sport","paysage"],"pratiques":["ski","documentation"],"drone":"a_verifier"}},{"type":"Feature","geometry":{"type":"Point","coordinates":[11.75,46.52]},"properties":{"id":"I-371","nom":"Dolomites — Sella Ronda en hiver","type":"interet","pays":"IT","natures":["sport","paysage"],"pratiques":["ski","documentation","video"],"drone":"a_verifier"}},{"type":"Feature","geometry":{"type":"Point","coordinates":[19.98,49.23]},"properties":{"id":"I-372","nom":"Tatras polonaises — Kasprowy","type":"interet","pays":"PL","natures":["sport"],"pratiques":["ski","documentation"],"drone":"a_verifier"}},{"type":"Feature","geometry":{"type":"Point","coordinates":[18.1,68.42]},"properties":{"id":"I-373","nom":"Riksgränsen et ski arctique","type":"interet","pays":"NO","natures":["sport","paysage"],"pratiques":["ski","documentation"],"drone":"a_verifier"}},{"type":"Feature","geometry":{"type":"Point","coordinates":[13.08,63.4]},"properties":{"id":"I-374","nom":"Åre et domaine suédois","type":"interet","pays":"SE","natures":["sport"],"pratiques":["ski","documentation"],"drone":"a_verifier"}},{"type":"Feature","geometry":{"type":"Point","coordinates":[27,68.4]},"properties":{"id":"I-375","nom":"Ski de printemps en Laponie finlandaise","type":"interet","pays":"FI","natures":["sport","paysage"],"pratiques":["ski","documentation"],"drone":"a_verifier"}},{"type":"Feature","geometry":{"type":"Point","coordinates":[-4.55,48.25]},"properties":{"id":"I-376","nom":"GR 34 — sentier des douaniers","type":"interet","pays":"FR","natures":["nature","paysage"],"pratiques":["rando","documentation"],"drone":"a_verifier"}},{"type":"Feature","geometry":{"type":"Point","coordinates":[-4.9,43.25]},"properties":{"id":"I-377","nom":"Ruta del Cares","type":"interet","pays":"ES","natures":["nature","paysage"],"pratiques":["rando","documentation"],"drone":"a_verifier"}},{"type":"Feature","geometry":{"type":"Point","coordinates":[-8.15,41.8]},"properties":{"id":"I-378","nom":"Sentiers de bergers du Gerês","type":"interet","pays":"PT","natures":["nature","paysage"],"pratiques":["rando","documentation"],"drone":"a_verifier"}},{"type":"Feature","geometry":{"type":"Point","coordinates":[-4.77,36.93]},"properties":{"id":"I-379","nom":"Caminito del Rey","type":"interet","pays":"ES","natures":["infrastructure","paysage"],"pratiques":["rando","documentation","video"],"drone":"a_verifier"}},{"type":"Feature","geometry":{"type":"Point","coordinates":[-1.66,43.39]},"properties":{"id":"I-38","nom":"Port de pêche et criée de Saint-Jean","type":"interet","pays":"FR","natures":["mode_de_vie","population"],"pratiques":["documentation","son"],"drone":"a_verifier"}},{"type":"Feature","geometry":{"type":"Point","coordinates":[14.6,40.63]},"properties":{"id":"I-380","nom":"Sentiero degli Dei — côte amalfitaine","type":"interet","pays":"IT","natures":["paysage","nature"],"pratiques":["rando","documentation"],"drone":"a_verifier"}},{"type":"Feature","geometry":{"type":"Point","coordinates":[11.6,46.5]},"properties":{"id":"I-381","nom":"Alta Via des Dolomites","type":"interet","pays":"IT","natures":["paysage","nature"],"pratiques":["rando","documentation"],"drone":"a_verifier"}},{"type":"Feature","geometry":{"type":"Point","coordinates":[20.73,39.9]},"properties":{"id":"I-382","nom":"Gorges du Vikos par le fond","type":"interet","pays":"GR","natures":["nature","paysage"],"pratiques":["rando","documentation"],"drone":"a_verifier"}},{"type":"Feature","geometry":{"type":"Point","coordinates":[19.1,43.13]},"properties":{"id":"I-383","nom":"Sentier des Sept Lacs du Durmitor","type":"interet","pays":"ME","natures":["nature","paysage"],"pratiques":["rando","documentation"],"drone":"a_verifier"}},{"type":"Feature","geometry":{"type":"Point","coordinates":[18.2,68.35]},"properties":{"id":"I-384","nom":"Kungsleden — tronçon nord","type":"interet","pays":"NO","natures":["nature","paysage"],"pratiques":["rando","documentation"],"drone":"a_verifier"}},{"type":"Feature","geometry":{"type":"Point","coordinates":[8.7,61.5]},"properties":{"id":"I-385","nom":"Besseggen et crêtes du Jotunheimen","type":"interet","pays":"NO","natures":["nature","paysage"],"pratiques":["rando","documentation"],"drone":"a_verifier"}},{"type":"Feature","geometry":{"type":"Point","coordinates":[0.14,42.94]},"properties":{"id":"I-386","nom":"Réserve du Pic du Midi — nuit d'altitude","type":"interet","pays":"FR","natures":["ciel"],"pratiques":["astro","documentation"],"drone":"a_verifier"}},{"type":"Feature","geometry":{"type":"Point","coordinates":[-6.72,42.11]},"properties":{"id":"I-387","nom":"Sanabria — réserve Starlight","type":"interet","pays":"ES","natures":["ciel"],"pratiques":["astro"],"drone":"a_verifier"}},{"type":"Feature","geometry":{"type":"Point","coordinates":[0.76,42]},"properties":{"id":"I-388","nom":"Montsec — parc astronomique","type":"interet","pays":"ES","natures":["ciel"],"pratiques":["astro","documentation"],"drone":"a_verifier"}},{"type":"Feature","geometry":{"type":"Point","coordinates":[-1.02,40.05]},"properties":{"id":"I-389","nom":"Javalambre — observatoire de Teruel","type":"interet","pays":"ES","natures":["ciel"],"pratiques":["astro"],"drone":"a_verifier"}},{"type":"Feature","geometry":{"type":"Point","coordinates":[-1.63,43.38]},"properties":{"id":"I-39","nom":"Fronton et partie de pelote","type":"interet","pays":"FR","natures":["mode_de_vie","population","evenement"],"pratiques":["documentation","video","son"],"drone":"a_verifier"}},{"type":"Feature","geometry":{"type":"Point","coordinates":[-7.35,38.38]},"properties":{"id":"I-390","nom":"Alqueva — sites d'observation du réseau","type":"interet","pays":"PT","natures":["ciel"],"pratiques":["astro","documentation"],"drone":"a_verifier"}},{"type":"Feature","geometry":{"type":"Point","coordinates":[21.18,47.6]},"properties":{"id":"I-391","nom":"Hortobágy — réserve de ciel étoilé","type":"interet","pays":"HU","natures":["ciel"],"pratiques":["astro"],"drone":"a_verifier"}},{"type":"Feature","geometry":{"type":"Point","coordinates":[22.4,49.2]},"properties":{"id":"I-392","nom":"Bieszczady — parc de ciel étoilé","type":"interet","pays":"PL","natures":["ciel","nature"],"pratiques":["astro","documentation"],"drone":"a_verifier"}},{"type":"Feature","geometry":{"type":"Point","coordinates":[5.4,44.9]},"properties":{"id":"I-393","nom":"Rando et ciel du Vercors","type":"interet","pays":"FR","natures":["ciel","paysage"],"pratiques":["astro","rando"],"drone":"a_verifier"}},{"type":"Feature","geometry":{"type":"Point","coordinates":[12.55,54.96]},"properties":{"id":"I-394","nom":"Møns Klint — Dark Sky Park","type":"interet","pays":"DK","natures":["ciel"],"pratiques":["astro","documentation"],"drone":"a_verifier"}},{"type":"Feature","geometry":{"type":"Point","coordinates":[25.15,70.52]},"properties":{"id":"I-395","nom":"Aurores boréales du Finnmark","type":"interet","pays":"NO","natures":["ciel","paysage"],"pratiques":["astro","video"],"drone":"a_verifier"}},{"type":"Feature","geometry":{"type":"Point","coordinates":[-8.8,37.6]},"properties":{"id":"I-396","nom":"Falaises de la Costa Vicentina au drone","type":"interet","pays":"PT","natures":["paysage"],"pratiques":["drone","video"],"drone":"a_verifier"}},{"type":"Feature","geometry":{"type":"Point","coordinates":[-1.45,42.2]},"properties":{"id":"I-397","nom":"Bardenas Reales au drone","type":"interet","pays":"ES","natures":["paysage","nature"],"pratiques":["drone","video"],"drone":"a_verifier"}},{"type":"Feature","geometry":{"type":"Point","coordinates":[12.51,37.9]},"properties":{"id":"I-398","nom":"Salines de Trapani vues du ciel","type":"interet","pays":"IT","natures":["infrastructure","paysage"],"pratiques":["drone","video"],"drone":"a_verifier"}},{"type":"Feature","geometry":{"type":"Point","coordinates":[0.75,40.72]},"properties":{"id":"I-399","nom":"Delta de l'Èbre au drone","type":"interet","pays":"ES","natures":["paysage","infrastructure"],"pratiques":["drone","video"],"drone":"a_verifier"}},{"type":"Feature","geometry":{"type":"Point","coordinates":[-1.57,43.28]},"properties":{"id":"I-40","nom":"Ventas et frontière de crête","type":"interet","pays":"FR","natures":["mode_de_vie","population"],"pratiques":["documentation","son"],"drone":"a_verifier"}},{"type":"Feature","geometry":{"type":"Point","coordinates":[-7.58,41.18]},"properties":{"id":"I-400","nom":"Terrasses du Douro au drone","type":"interet","pays":"PT","natures":["infrastructure","paysage"],"pratiques":["drone","video"],"drone":"a_verifier"}},{"type":"Feature","geometry":{"type":"Point","coordinates":[7.7,62.55]},"properties":{"id":"I-401","nom":"Fjords de Romsdal au drone","type":"interet","pays":"NO","natures":["paysage"],"pratiques":["drone","video"],"drone":"a_verifier"}},{"type":"Feature","geometry":{"type":"Point","coordinates":[6.15,53.38]},"properties":{"id":"I-402","nom":"Polders et digues de Frise","type":"interet","pays":"NL","natures":["infrastructure","paysage"],"pratiques":["drone","video"],"drone":"a_verifier"}},{"type":"Feature","geometry":{"type":"Point","coordinates":[21,55.32]},"properties":{"id":"I-403","nom":"Isthme de Courlande au drone","type":"interet","pays":"LT","natures":["paysage","nature"],"pratiques":["drone","video"],"drone":"a_verifier"}},{"type":"Feature","geometry":{"type":"Point","coordinates":[-4.4,47.95]},"properties":{"id":"I-404","nom":"Derniers locuteurs du breton","type":"interet","pays":"FR","natures":["population","mode_de_vie"],"pratiques":["son","documentation","ecrits"],"drone":"a_verifier"}},{"type":"Feature","geometry":{"type":"Point","coordinates":[0.19,42.99]},"properties":{"id":"I-405","nom":"Bergers transhumants des Pyrénées","type":"interet","pays":"FR","natures":["population","mode_de_vie"],"pratiques":["son","documentation"],"drone":"a_verifier"}},{"type":"Feature","geometry":{"type":"Point","coordinates":[-2.78,36.79]},"properties":{"id":"I-406","nom":"Ouvriers agricoles saisonniers d'Almería","type":"interet","pays":"ES","natures":["population","mode_de_vie"],"pratiques":["son","documentation"],"drone":"a_verifier"}},{"type":"Feature","geometry":{"type":"Point","coordinates":[-5.7,43.3]},"properties":{"id":"I-407","nom":"Anciens mineurs des Asturies","type":"interet","pays":"ES","natures":["population","patrimoine"],"pratiques":["son","ecrits"],"drone":"a_verifier"}},{"type":"Feature","geometry":{"type":"Point","coordinates":[16.6,40.67]},"properties":{"id":"I-408","nom":"Habitants relogés des Sassi","type":"interet","pays":"IT","natures":["population","mode_de_vie"],"pratiques":["son","ecrits"],"drone":"a_verifier"}},{"type":"Feature","geometry":{"type":"Point","coordinates":[17.8,43.35]},"properties":{"id":"I-409","nom":"Familles de la ligne de front bosnienne","type":"interet","pays":"BA","natures":["population"],"pratiques":["son","ecrits"],"drone":"a_verifier"}},{"type":"Feature","geometry":{"type":"Point","coordinates":[-1.63,43.31]},"properties":{"id":"I-41","nom":"Estives et bergers de la Rhune","type":"interet","pays":"FR","natures":["mode_de_vie","paysage"],"pratiques":["documentation","son","rando"],"drone":"a_verifier"}},{"type":"Feature","geometry":{"type":"Point","coordinates":[27.03,68.91]},"properties":{"id":"I-410","nom":"Éleveurs de rennes sámi","type":"interet","pays":"FI","natures":["population","mode_de_vie"],"pratiques":["son","video"],"drone":"a_verifier"}},{"type":"Feature","geometry":{"type":"Point","coordinates":[21.13,55.7]},"properties":{"id":"I-411","nom":"Pêcheurs de la Baltique orientale","type":"interet","pays":"LT","natures":["population","mode_de_vie"],"pratiques":["son","documentation"],"drone":"a_verifier"}},{"type":"Feature","geometry":{"type":"Point","coordinates":[18.27,49.83]},"properties":{"id":"I-412","nom":"Ouvriers de la sidérurgie morave","type":"interet","pays":"CZ","natures":["population","patrimoine"],"pratiques":["son","ecrits"],"drone":"a_verifier"}},{"type":"Feature","geometry":{"type":"Point","coordinates":[-9.5,53.45]},"properties":{"id":"I-413","nom":"Habitants des Hébrides et du Connemara","type":"interet","pays":"IE","natures":["population","mode_de_vie"],"pratiques":["son","ecrits"],"drone":"a_verifier"}},{"type":"Feature","geometry":{"type":"Point","coordinates":[2.36,43.21]},"properties":{"id":"I-414","nom":"Cité de Carcassonne — structure défensive","type":"interet","pays":"ES","natures":["architecture","patrimoine"],"pratiques":["photogrammetrie","documentation"],"drone":"a_verifier"}},{"type":"Feature","geometry":{"type":"Point","coordinates":[-4.12,40.95]},"properties":{"id":"I-415","nom":"Aqueduc de Ségovie","type":"interet","pays":"ES","natures":["architecture","infrastructure"],"pratiques":["photogrammetrie","documentation"],"drone":"a_verifier"}},{"type":"Feature","geometry":{"type":"Point","coordinates":[3.6,44.2]},"properties":{"id":"I-416","nom":"Ponts de pierre sèche des Cévennes","type":"interet","pays":"IT","natures":["architecture","patrimoine"],"pratiques":["photogrammetrie"],"drone":"a_verifier"}},{"type":"Feature","geometry":{"type":"Point","coordinates":[8.9,40.3]},"properties":{"id":"I-417","nom":"Nuraghes de Sardaigne","type":"interet","pays":"IT","natures":["architecture","patrimoine"],"pratiques":["photogrammetrie","documentation"],"drone":"a_verifier"}},{"type":"Feature","geometry":{"type":"Point","coordinates":[17.24,40.78]},"properties":{"id":"I-418","nom":"Trulli d'Alberobello","type":"interet","pays":"IT","natures":["architecture","patrimoine"],"pratiques":["photogrammetrie"],"drone":"a_verifier"}},{"type":"Feature","geometry":{"type":"Point","coordinates":[7.2,60.6]},"properties":{"id":"I-419","nom":"Églises en bois debout de Norvège","type":"interet","pays":"NO","natures":["architecture","patrimoine"],"pratiques":["photogrammetrie","lidar"],"drone":"a_verifier"}},{"type":"Feature","geometry":{"type":"Point","coordinates":[-1.58,43.29]},"properties":{"id":"I-42","nom":"Grottes de Sare","type":"interet","pays":"FR","natures":["patrimoine","nature"],"pratiques":["documentation"],"drone":"a_verifier"}},{"type":"Feature","geometry":{"type":"Point","coordinates":[24,47.7]},"properties":{"id":"I-420","nom":"Églises de bois de Maramureș","type":"interet","pays":"BG","natures":["architecture","patrimoine"],"pratiques":["photogrammetrie"],"drone":"a_verifier"}},{"type":"Feature","geometry":{"type":"Point","coordinates":[4.64,51.88]},"properties":{"id":"I-421","nom":"Moulins de Kinderdijk","type":"interet","pays":"NL","natures":["infrastructure","patrimoine"],"pratiques":["photogrammetrie","lidar"],"drone":"a_verifier"}},{"type":"Feature","geometry":{"type":"Point","coordinates":[14.51,35.9]},"properties":{"id":"I-422","nom":"Fortifications de Valletta","type":"interet","pays":"IT","natures":["architecture","infrastructure"],"pratiques":["photogrammetrie"],"drone":"a_verifier"}},{"type":"Feature","geometry":{"type":"Point","coordinates":[15.23,44.12]},"properties":{"id":"I-423","nom":"Chantier de démolition navale de l'Adriatique","type":"interet","pays":"HR","natures":["infrastructure","patrimoine"],"pratiques":["photogrammetrie"],"drone":"a_verifier"}},{"type":"Feature","geometry":{"type":"Point","coordinates":[6.5,49.2]},"properties":{"id":"I-424","nom":"Bunkers de la ligne Maginot","type":"interet","pays":"AT","natures":["architecture","infrastructure"],"pratiques":["photogrammetrie","lidar"],"drone":"a_verifier"}},{"type":"Feature","geometry":{"type":"Point","coordinates":[20.06,49.98]},"properties":{"id":"I-425","nom":"Mines de sel de Wieliczka","type":"interet","pays":"PL","natures":["infrastructure","patrimoine"],"pratiques":["photogrammetrie","lidar"],"drone":"a_verifier"}},{"type":"Feature","geometry":{"type":"Point","coordinates":[-9.05,42.57]},"properties":{"id":"I-426","nom":"Dunes de Corrubedo et marais galiciens","type":"interet","pays":"ES","natures":["nature","paysage"],"pratiques":["documentation","dessin"],"drone":"a_verifier"}},{"type":"Feature","geometry":{"type":"Point","coordinates":[-1.45,42.2]},"properties":{"id":"I-427","nom":"Désert des Bardenas au sol","type":"interet","pays":"ES","natures":["paysage","nature"],"pratiques":["documentation","dessin"],"drone":"a_verifier"}},{"type":"Feature","geometry":{"type":"Point","coordinates":[4.43,43.46]},"properties":{"id":"I-428","nom":"Étangs et flamants de Camargue","type":"interet","pays":"IT","natures":["nature","paysage"],"pratiques":["documentation","dessin"],"drone":"a_verifier"}},{"type":"Feature","geometry":{"type":"Point","coordinates":[14.43,40.82]},"properties":{"id":"I-429","nom":"Volcans du Vésuve et champs Phlégréens","type":"interet","pays":"IT","natures":["nature","paysage"],"pratiques":["documentation","video"],"drone":"a_verifier"}},{"type":"Feature","geometry":{"type":"Point","coordinates":[0.21,42.95]},"properties":{"id":"I-43","nom":"Nuit d'observation en réserve de ciel étoilé","type":"interet","pays":"FR","natures":["ciel"],"pratiques":["astro","documentation"],"drone":"a_verifier"}},{"type":"Feature","geometry":{"type":"Point","coordinates":[5.35,45.03]},"properties":{"id":"I-430","nom":"Plateau du Vercors et Combe Laval","type":"interet","pays":"FR","natures":["paysage","infrastructure"],"pratiques":["documentation","dessin"],"drone":"a_verifier"}},{"type":"Feature","geometry":{"type":"Point","coordinates":[15.62,44.88]},"properties":{"id":"I-431","nom":"Lacs de Plitvice","type":"interet","pays":"HR","natures":["nature","paysage"],"pratiques":["documentation","video"],"drone":"a_verifier"}},{"type":"Feature","geometry":{"type":"Point","coordinates":[14.2,45.78]},"properties":{"id":"I-432","nom":"Grottes de Postojna et karst slovène","type":"interet","pays":"SI","natures":["nature","patrimoine"],"pratiques":["documentation"],"drone":"a_verifier"}},{"type":"Feature","geometry":{"type":"Point","coordinates":[21.6,39.73]},"properties":{"id":"I-433","nom":"Météores vus du plateau","type":"interet","pays":"GR","natures":["paysage","nature"],"pratiques":["documentation","dessin"],"drone":"a_verifier"}},{"type":"Feature","geometry":{"type":"Point","coordinates":[23.86,52.72]},"properties":{"id":"I-434","nom":"Forêt de Białowieża — zone stricte","type":"interet","pays":"PL","natures":["nature"],"pratiques":["documentation","rando"],"drone":"a_verifier"}},{"type":"Feature","geometry":{"type":"Point","coordinates":[7.21,62.1]},"properties":{"id":"I-435","nom":"Geirangerfjord et cascades","type":"interet","pays":"NO","natures":["paysage","nature"],"pratiques":["documentation","video"],"drone":"a_verifier"}},{"type":"Feature","geometry":{"type":"Point","coordinates":[-5.68,50.13]},"properties":{"id":"I-436","nom":"District minier de Cornouailles","type":"interet","pays":"GB","natures":["infrastructure","patrimoine","mode_de_vie"],"pratiques":["documentation","photogrammetrie","son"],"drone":"a_verifier"}},{"type":"Feature","geometry":{"type":"Point","coordinates":[-5.55,50.1]},"properties":{"id":"I-437","nom":"Ports de pêche et criée de Newlyn","type":"interet","pays":"GB","natures":["mode_de_vie","population"],"pratiques":["documentation","son"],"drone":"a_verifier"}},{"type":"Feature","geometry":{"type":"Point","coordinates":[-5.62,50.15]},"properties":{"id":"I-438","nom":"Villages de mineurs et dépeuplement","type":"interet","pays":"GB","natures":["population","architecture"],"pratiques":["documentation","son"],"drone":"a_verifier"}},{"type":"Feature","geometry":{"type":"Point","coordinates":[-5.7,50.07]},"properties":{"id":"I-439","nom":"Côte atlantique et surf de Sennen","type":"interet","pays":"GB","natures":["paysage","nature"],"pratiques":["documentation","dessin"],"drone":"a_verifier"}},{"type":"Feature","geometry":{"type":"Point","coordinates":[0.15,43.06]},"properties":{"id":"I-44","nom":"Thermalisme et ville d'eaux hors saison","type":"interet","pays":"FR","natures":["mode_de_vie","architecture"],"pratiques":["documentation","son"],"drone":"a_verifier"}},{"type":"Feature","geometry":{"type":"Point","coordinates":[-5.45,50.16]},"properties":{"id":"I-440","nom":"Jardins subtropicaux et microclimat","type":"interet","pays":"GB","natures":["nature","mode_de_vie"],"pratiques":["documentation"],"drone":"a_verifier"}},{"type":"Feature","geometry":{"type":"Point","coordinates":[-2.15,54.3]},"properties":{"id":"I-441","nom":"Murets de pierre sèche et fermes des Dales","type":"interet","pays":"GB","natures":["paysage","mode_de_vie"],"pratiques":["documentation","dessin","drone"],"drone":"a_verifier"}},{"type":"Feature","geometry":{"type":"Point","coordinates":[-2.39,55.02]},"properties":{"id":"I-442","nom":"Mur d'Hadrien et forts romains","type":"interet","pays":"GB","natures":["patrimoine","architecture"],"pratiques":["documentation","photogrammetrie","rando"],"drone":"a_verifier"}},{"type":"Feature","geometry":{"type":"Point","coordinates":[-2.3,55.28]},"properties":{"id":"I-443","nom":"Réserve de ciel étoilé du Northumberland","type":"interet","pays":"GB","natures":["ciel"],"pratiques":["astro","documentation"],"drone":"a_verifier"}},{"type":"Feature","geometry":{"type":"Point","coordinates":[-1.58,54.78]},"properties":{"id":"I-444","nom":"Anciens bassins houillers du Durham","type":"interet","pays":"GB","natures":["population","patrimoine"],"pratiques":["documentation","son","ecrits"],"drone":"a_verifier"}},{"type":"Feature","geometry":{"type":"Point","coordinates":[-2.2,54.31]},"properties":{"id":"I-445","nom":"Marchés fermiers et vie de bourg","type":"interet","pays":"GB","natures":["mode_de_vie","population"],"pratiques":["documentation","son"],"drone":"a_verifier"}},{"type":"Feature","geometry":{"type":"Point","coordinates":[-6.3,57.45]},"properties":{"id":"I-446","nom":"Crofting et ruines des Clearances","type":"interet","pays":"GB","natures":["population","mode_de_vie","patrimoine"],"pratiques":["documentation","son","ecrits"],"drone":"a_verifier"}},{"type":"Feature","geometry":{"type":"Point","coordinates":[-6.22,57.22]},"properties":{"id":"I-447","nom":"Cuillin et paysage volcanique de Skye","type":"interet","pays":"GB","natures":["paysage","nature"],"pratiques":["documentation","rando","drone"],"drone":"a_verifier"}},{"type":"Feature","geometry":{"type":"Point","coordinates":[-6.1,57.35]},"properties":{"id":"I-448","nom":"Distilleries et économie du whisky","type":"interet","pays":"GB","natures":["infrastructure","mode_de_vie"],"pratiques":["documentation","son"],"drone":"a_verifier"}},{"type":"Feature","geometry":{"type":"Point","coordinates":[-5.7,57.42]},"properties":{"id":"I-449","nom":"Bealach na Bà et routes à voie unique","type":"interet","pays":"GB","natures":["infrastructure","paysage"],"pratiques":["documentation","video","moto"],"drone":"a_verifier"}},{"type":"Feature","geometry":{"type":"Point","coordinates":[0.2,42.97]},"properties":{"id":"I-45","nom":"Estives et transhumance de Campan","type":"interet","pays":"FR","natures":["mode_de_vie","paysage"],"pratiques":["documentation","son","dessin"],"drone":"a_verifier"}},{"type":"Feature","geometry":{"type":"Point","coordinates":[-6.19,57.41]},"properties":{"id":"I-450","nom":"Gaélique écossais et transmission","type":"interet","pays":"GB","natures":["population"],"pratiques":["son","documentation"],"drone":"a_verifier"}},{"type":"Feature","geometry":{"type":"Point","coordinates":[-4.35,55.87]},"properties":{"id":"I-451","nom":"Chantiers de la Clyde et mémoire ouvrière","type":"interet","pays":"GB","natures":["infrastructure","population"],"pratiques":["documentation","son","ecrits"],"drone":"a_verifier"}},{"type":"Feature","geometry":{"type":"Point","coordinates":[-4.29,55.86]},"properties":{"id":"I-452","nom":"Tenements et vie de quartier","type":"interet","pays":"GB","natures":["architecture","mode_de_vie"],"pratiques":["documentation","son"],"drone":"a_verifier"}},{"type":"Feature","geometry":{"type":"Point","coordinates":[-4.26,55.86]},"properties":{"id":"I-453","nom":"Musique traditionnelle et pubs","type":"interet","pays":"GB","natures":["evenement","population"],"pratiques":["son","video","documentation"],"drone":"a_verifier"}},{"type":"Feature","geometry":{"type":"Point","coordinates":[-9.9,53.45]},"properties":{"id":"I-454","nom":"Tourbières et coupe manuelle","type":"interet","pays":"IE","natures":["mode_de_vie","nature"],"pratiques":["documentation","son","video"],"drone":"a_verifier"}},{"type":"Feature","geometry":{"type":"Point","coordinates":[-9.28,53.05]},"properties":{"id":"I-455","nom":"Karst du Burren et murets","type":"interet","pays":"IE","natures":["paysage","nature"],"pratiques":["documentation","dessin","drone"],"drone":"a_verifier"}},{"type":"Feature","geometry":{"type":"Point","coordinates":[-9.35,53.02]},"properties":{"id":"I-456","nom":"Musique traditionnelle de Doolin","type":"interet","pays":"IE","natures":["evenement","population"],"pratiques":["son","video"],"drone":"a_verifier"}},{"type":"Feature","geometry":{"type":"Point","coordinates":[-10.02,53.49]},"properties":{"id":"I-457","nom":"Villages du Gaeltacht et langue quotidienne","type":"interet","pays":"IE","natures":["population","mode_de_vie"],"pratiques":["son","documentation","ecrits"],"drone":"a_verifier"}},{"type":"Feature","geometry":{"type":"Point","coordinates":[-9.42,53.06]},"properties":{"id":"I-458","nom":"Îles d'Aran depuis la côte","type":"interet","pays":"IE","natures":["population","paysage"],"pratiques":["documentation"],"drone":"a_verifier"}},{"type":"Feature","geometry":{"type":"Point","coordinates":[-9.4,53.1]},"properties":{"id":"I-459","nom":"Forts de pierre préhistoriques","type":"interet","pays":"IE","natures":["patrimoine","architecture"],"pratiques":["documentation","photogrammetrie"],"drone":"a_verifier"}},{"type":"Feature","geometry":{"type":"Point","coordinates":[0.18,42.98]},"properties":{"id":"I-46","nom":"Granges foraines de la vallée","type":"interet","pays":"FR","natures":["architecture","patrimoine"],"pratiques":["documentation"],"drone":"a_verifier"}},{"type":"Feature","geometry":{"type":"Point","coordinates":[-4.11,53.13]},"properties":{"id":"I-460","nom":"Ardoisières de Snowdonia","type":"interet","pays":"GB","natures":["infrastructure","patrimoine","mode_de_vie"],"pratiques":["documentation","photogrammetrie","lidar"],"drone":"a_verifier"}},{"type":"Feature","geometry":{"type":"Point","coordinates":[-4.13,53.12]},"properties":{"id":"I-461","nom":"Gallois parlé et signalétique","type":"interet","pays":"GB","natures":["population"],"pratiques":["son","documentation"],"drone":"a_verifier"}},{"type":"Feature","geometry":{"type":"Point","coordinates":[-4.26,52.24]},"properties":{"id":"I-462","nom":"Ports de pêche du Ceredigion","type":"interet","pays":"GB","natures":["mode_de_vie","architecture"],"pratiques":["documentation","son"],"drone":"a_verifier"}},{"type":"Feature","geometry":{"type":"Point","coordinates":[-4.08,52.92]},"properties":{"id":"I-463","nom":"Chemins de fer à voie étroite","type":"interet","pays":"GB","natures":["infrastructure","patrimoine"],"pratiques":["documentation","video","son"],"drone":"a_verifier"}},{"type":"Feature","geometry":{"type":"Point","coordinates":[-4.4,52.2]},"properties":{"id":"I-464","nom":"Sentiers côtiers et falaises galloises","type":"interet","pays":"GB","natures":["paysage","nature"],"pratiques":["rando","documentation"],"drone":"a_verifier"}},{"type":"Feature","geometry":{"type":"Point","coordinates":[14.34,55.56]},"properties":{"id":"I-465","nom":"Marchés aux poissons et fumoirs de Skåne","type":"interet","pays":"SE","natures":["mode_de_vie","infrastructure"],"pratiques":["documentation","son"],"drone":"a_verifier"}},{"type":"Feature","geometry":{"type":"Point","coordinates":[14.2,55.65]},"properties":{"id":"I-466","nom":"Fermes en U et villages de Scanie","type":"interet","pays":"SE","natures":["architecture","mode_de_vie"],"pratiques":["documentation","dessin"],"drone":"a_verifier"}},{"type":"Feature","geometry":{"type":"Point","coordinates":[12.83,55.39]},"properties":{"id":"I-467","nom":"Falsterbo et migration des oiseaux","type":"interet","pays":"SE","natures":["nature","evenement"],"pratiques":["documentation","video"],"drone":"a_verifier"}},{"type":"Feature","geometry":{"type":"Point","coordinates":[8.58,57.09]},"properties":{"id":"I-468","nom":"Bunkers et défense côtière danoise","type":"interet","pays":"DK","natures":["infrastructure","patrimoine"],"pratiques":["documentation"],"drone":"a_verifier"}},{"type":"Feature","geometry":{"type":"Point","coordinates":[8.6,56.95]},"properties":{"id":"I-469","nom":"Élevage et agriculture du Jutland","type":"interet","pays":"DK","natures":["mode_de_vie","infrastructure"],"pratiques":["documentation","son"],"drone":"a_verifier"}},{"type":"Feature","geometry":{"type":"Point","coordinates":[-4.75,43.42]},"properties":{"id":"I-47","nom":"Port de Llanes et flottille côtière","type":"interet","pays":"ES","natures":["mode_de_vie","population"],"pratiques":["documentation","son"],"drone":"a_verifier"}},{"type":"Feature","geometry":{"type":"Point","coordinates":[12.55,55.69]},"properties":{"id":"I-470","nom":"Vie de quartier à Nørrebro","type":"interet","pays":"DK","natures":["population","mode_de_vie"],"pratiques":["documentation","son"],"drone":"a_verifier"}},{"type":"Feature","geometry":{"type":"Point","coordinates":[12.6,55.67]},"properties":{"id":"I-471","nom":"Christiania et l'expérience communautaire","type":"interet","pays":"DK","natures":["population","mode_de_vie"],"pratiques":["documentation","son"],"drone":"a_verifier"}},{"type":"Feature","geometry":{"type":"Point","coordinates":[12.57,55.68]},"properties":{"id":"I-472","nom":"Cyclisme quotidien et infrastructure","type":"interet","pays":"DK","natures":["infrastructure","mode_de_vie"],"pratiques":["documentation","video"],"drone":"a_verifier"}},{"type":"Feature","geometry":{"type":"Point","coordinates":[9.85,53.6]},"properties":{"id":"I-473","nom":"Ports de la Baltique allemande","type":"interet","pays":"DE","natures":["infrastructure","mode_de_vie"],"pratiques":["documentation"],"drone":"a_verifier"}},{"type":"Feature","geometry":{"type":"Point","coordinates":[10,53.5]},"properties":{"id":"I-474","nom":"Marchés et vie de Wilhelmsburg","type":"interet","pays":"DE","natures":["population","evenement"],"pratiques":["documentation","son"],"drone":"a_verifier"}},{"type":"Feature","geometry":{"type":"Point","coordinates":[5.4,53.18]},"properties":{"id":"I-475","nom":"Îles de la Wadden par ferry","type":"interet","pays":"NL","natures":["population","mode_de_vie"],"pratiques":["documentation","son"],"drone":"a_verifier"}},{"type":"Feature","geometry":{"type":"Point","coordinates":[6.05,53.32]},"properties":{"id":"I-476","nom":"Élevage et polders frisons","type":"interet","pays":"NL","natures":["mode_de_vie","infrastructure"],"pratiques":["documentation","son"],"drone":"a_verifier"}},{"type":"Feature","geometry":{"type":"Point","coordinates":[21,39.8]},"properties":{"id":"I-477","nom":"Villages valaques du Pinde","type":"interet","pays":"GR","natures":["population","mode_de_vie"],"pratiques":["son","documentation"],"drone":"a_verifier"}},{"type":"Feature","geometry":{"type":"Point","coordinates":[20.85,39.66]},"properties":{"id":"I-478","nom":"Artisanat de l'argent de Ioannina","type":"interet","pays":"GR","natures":["mode_de_vie","patrimoine"],"pratiques":["documentation","son","video"],"drone":"a_verifier"}},{"type":"Feature","geometry":{"type":"Point","coordinates":[21.7,39.6]},"properties":{"id":"I-479","nom":"Agriculture de montagne et tabac","type":"interet","pays":"GR","natures":["mode_de_vie","infrastructure"],"pratiques":["documentation","son"],"drone":"a_verifier"}},{"type":"Feature","geometry":{"type":"Point","coordinates":[-4.83,43.43]},"properties":{"id":"I-48","nom":"Bufones et falaises calcaires","type":"interet","pays":"ES","natures":["paysage","nature"],"pratiques":["documentation","video"],"drone":"a_verifier"}},{"type":"Feature","geometry":{"type":"Point","coordinates":[22.9,40.5]},"properties":{"id":"I-480","nom":"Ports et pêche du golfe Thermaïque","type":"interet","pays":"GR","natures":["mode_de_vie"],"pratiques":["documentation","son"],"drone":"a_verifier"}},{"type":"Feature","geometry":{"type":"Point","coordinates":[24,40.2]},"properties":{"id":"I-481","nom":"Monastères du Mont Athos depuis la mer","type":"interet","pays":"GR","natures":["patrimoine","architecture"],"pratiques":["documentation"],"drone":"a_verifier"}},{"type":"Feature","geometry":{"type":"Point","coordinates":[22.55,36.8]},"properties":{"id":"I-482","nom":"Oliveraies et pressoirs du Magne","type":"interet","pays":"GR","natures":["mode_de_vie","infrastructure"],"pratiques":["documentation","son"],"drone":"a_verifier"}},{"type":"Feature","geometry":{"type":"Point","coordinates":[-1.24,44.66]},"properties":{"id":"I-483","nom":"Ostréiculture du bassin d'Arcachon","type":"interet","pays":"FR","natures":["mode_de_vie","infrastructure"],"pratiques":["documentation","son"],"drone":"a_verifier"}},{"type":"Feature","geometry":{"type":"Point","coordinates":[-1.25,44.68]},"properties":{"id":"I-484","nom":"Pinasses et chantiers du bassin","type":"interet","pays":"FR","natures":["patrimoine","mode_de_vie"],"pratiques":["documentation","photogrammetrie"],"drone":"a_verifier"}},{"type":"Feature","geometry":{"type":"Point","coordinates":[-0.8,44.1]},"properties":{"id":"I-485","nom":"Filière résine et scieries landaises","type":"interet","pays":"FR","natures":["infrastructure","mode_de_vie"],"pratiques":["documentation","son"],"drone":"a_verifier"}},{"type":"Feature","geometry":{"type":"Point","coordinates":[-1.1,43.75]},"properties":{"id":"I-486","nom":"Courses landaises et arènes de village","type":"interet","pays":"FR","natures":["evenement","population"],"pratiques":["documentation","video","son"],"drone":"a_verifier"}},{"type":"Feature","geometry":{"type":"Point","coordinates":[-7.5,40.35]},"properties":{"id":"I-487","nom":"Bergers et fromageries de l'Estrela","type":"interet","pays":"PT","natures":["mode_de_vie","population"],"pratiques":["son","documentation"],"drone":"a_verifier"}},{"type":"Feature","geometry":{"type":"Point","coordinates":[-7.8,40.28]},"properties":{"id":"I-488","nom":"Villages de montagne et dépeuplement","type":"interet","pays":"PT","natures":["population","architecture"],"pratiques":["documentation","son"],"drone":"a_verifier"}},{"type":"Feature","geometry":{"type":"Point","coordinates":[-8.79,37.72]},"properties":{"id":"I-489","nom":"Pêche à pied et conserveries du Sud-Ouest","type":"interet","pays":"PT","natures":["mode_de_vie"],"pratiques":["documentation","son"],"drone":"a_verifier"}},{"type":"Feature","geometry":{"type":"Point","coordinates":[-5.1,43.32]},"properties":{"id":"I-49","nom":"Hórreos et villages d'élevage","type":"interet","pays":"ES","natures":["architecture","mode_de_vie"],"pratiques":["documentation","photogrammetrie","dessin"],"drone":"a_verifier"}},{"type":"Feature","geometry":{"type":"Point","coordinates":[-8.78,37.55]},"properties":{"id":"I-490","nom":"Fêtes de village de l'Alentejo côtier","type":"interet","pays":"PT","natures":["evenement","population"],"pratiques":["documentation","son"],"drone":"a_verifier"}},{"type":"Feature","geometry":{"type":"Point","coordinates":[-4.9,38.35]},"properties":{"id":"I-491","nom":"Cante alentejano et groupes de chant","type":"interet","pays":"ES","natures":["evenement","population"],"pratiques":["son","video"],"drone":"a_verifier"}},{"type":"Feature","geometry":{"type":"Point","coordinates":[-5.1,38.28]},"properties":{"id":"I-492","nom":"Élevage de taureaux de combat en dehesa","type":"interet","pays":"ES","natures":["mode_de_vie","nature"],"pratiques":["documentation","son"],"drone":"a_verifier"}},{"type":"Feature","geometry":{"type":"Point","coordinates":[6.63,44.89]},"properties":{"id":"I-493","nom":"Militaires et vie de garnison à Briançon","type":"interet","pays":"FR","natures":["population","mode_de_vie"],"pratiques":["documentation","son"],"drone":"a_verifier"}},{"type":"Feature","geometry":{"type":"Point","coordinates":[6.6,45.02]},"properties":{"id":"I-494","nom":"Vallée de la Clarée et hameaux d'altitude","type":"interet","pays":"FR","natures":["paysage","architecture"],"pratiques":["documentation","rando","dessin"],"drone":"a_verifier"}},{"type":"Feature","geometry":{"type":"Point","coordinates":[7.1,45.1]},"properties":{"id":"I-495","nom":"Fromageries et alpages du Val de Suse","type":"interet","pays":"IT","natures":["mode_de_vie"],"pratiques":["documentation","son"],"drone":"a_verifier"}},{"type":"Feature","geometry":{"type":"Point","coordinates":[7.05,45.14]},"properties":{"id":"I-496","nom":"Opposition au TAV et vallée politisée","type":"interet","pays":"IT","natures":["population","evenement"],"pratiques":["documentation","son","ecrits"],"drone":"a_verifier"}},{"type":"Feature","geometry":{"type":"Point","coordinates":[13.6,43.54]},"properties":{"id":"I-497","nom":"Ports de l'Adriatique et pêche des Marches","type":"interet","pays":"IT","natures":["mode_de_vie"],"pratiques":["documentation","son"],"drone":"a_verifier"}},{"type":"Feature","geometry":{"type":"Point","coordinates":[13.2,43.5]},"properties":{"id":"I-498","nom":"Vignoble du Verdicchio et caves","type":"interet","pays":"IT","natures":["mode_de_vie","infrastructure"],"pratiques":["documentation","son"],"drone":"a_verifier"}},{"type":"Feature","geometry":{"type":"Point","coordinates":[6.66,59.05]},"properties":{"id":"I-499","nom":"Hydroélectricité et villages du Lysefjord","type":"interet","pays":"NO","natures":["infrastructure","population"],"pratiques":["documentation","son"],"drone":"a_verifier"}},{"type":"Feature","geometry":{"type":"Point","coordinates":[-4.99,43.27]},"properties":{"id":"I-50","nom":"Lacs de Covadonga et estives","type":"interet","pays":"ES","natures":["paysage","mode_de_vie"],"pratiques":["documentation","rando"],"drone":"a_verifier"}},{"type":"Feature","geometry":{"type":"Point","coordinates":[6.1,59]},"properties":{"id":"I-500","nom":"Fermes de fjord et agriculture verticale","type":"interet","pays":"NO","natures":["mode_de_vie","paysage"],"pratiques":["documentation","dessin"],"drone":"a_verifier"}},{"type":"Feature","geometry":{"type":"Point","coordinates":[2.42,48.84]},"properties":{"id":"I-501","nom":"Retour et clôture du corpus","type":"interet","pays":"FR","natures":["mode_de_vie","population"],"pratiques":["documentation","ecrits","son"],"drone":"a_verifier"}},{"type":"Feature","geometry":{"type":"Point","coordinates":[2.45,48.86]},"properties":{"id":"I-502","nom":"Marchés et quartiers populaires de banlieue","type":"interet","pays":"FR","natures":["population","mode_de_vie"],"pratiques":["documentation","son"],"drone":"a_verifier"}},{"type":"Feature","geometry":{"type":"Point","coordinates":[21.04,52.25]},"properties":{"id":"I-503","nom":"Praga, le quartier qui a survécu","type":"interet","pays":"PL","natures":["architecture","population"],"pratiques":["documentation","son"],"drone":"a_verifier"}},{"type":"Feature","geometry":{"type":"Point","coordinates":[21.01,52.25]},"properties":{"id":"I-504","nom":"Reconstruction à l'identique et mémoire","type":"interet","pays":"PL","natures":["architecture","patrimoine"],"pratiques":["documentation","ecrits"],"drone":"a_verifier"}},{"type":"Feature","geometry":{"type":"Point","coordinates":[21.05,52.25]},"properties":{"id":"I-505","nom":"Bazar Różyckiego et commerce de rue","type":"interet","pays":"PL","natures":["mode_de_vie","population"],"pratiques":["documentation","son"],"drone":"a_verifier"}},{"type":"Feature","geometry":{"type":"Point","coordinates":[19.9,45.3]},"properties":{"id":"I-506","nom":"Minorités de Voïvodine","type":"interet","pays":"RS","natures":["population","mode_de_vie"],"pratiques":["son","documentation"],"drone":"a_verifier"}},{"type":"Feature","geometry":{"type":"Point","coordinates":[19.75,45.35]},"properties":{"id":"I-507","nom":"Salaš et agriculture de plaine pannonienne","type":"interet","pays":"RS","natures":["mode_de_vie","architecture"],"pratiques":["documentation","son"],"drone":"a_verifier"}},{"type":"Feature","geometry":{"type":"Point","coordinates":[19.86,45.25]},"properties":{"id":"I-508","nom":"Forteresse de Petrovaradin et Danube","type":"interet","pays":"RS","natures":["architecture","infrastructure"],"pratiques":["documentation","photogrammetrie"],"drone":"a_verifier"}},{"type":"Feature","geometry":{"type":"Point","coordinates":[20.46,44.81]},"properties":{"id":"I-509","nom":"Kafanas et sociabilité serbe","type":"interet","pays":"RS","natures":["mode_de_vie","population"],"pratiques":["son","documentation"],"drone":"a_verifier"}},{"type":"Feature","geometry":{"type":"Point","coordinates":[-4.85,43.3]},"properties":{"id":"I-51","nom":"Fromageries de cabrales en cave","type":"interet","pays":"ES","natures":["mode_de_vie","population"],"pratiques":["documentation","son"],"drone":"a_verifier"}},{"type":"Feature","geometry":{"type":"Point","coordinates":[21.34,41.03]},"properties":{"id":"I-510","nom":"Bitola et l'héritage consulaire","type":"interet","pays":"MK","natures":["architecture","patrimoine"],"pratiques":["documentation","dessin"],"drone":"a_verifier"}},{"type":"Feature","geometry":{"type":"Point","coordinates":[21.3,41.1]},"properties":{"id":"I-511","nom":"Bergers et fromageries de Pelagonie","type":"interet","pays":"MK","natures":["mode_de_vie"],"pratiques":["documentation","son"],"drone":"a_verifier"}},{"type":"Feature","geometry":{"type":"Point","coordinates":[21.25,41.37]},"properties":{"id":"I-512","nom":"Communauté aroumaine de Kruševo","type":"interet","pays":"MK","natures":["population","patrimoine"],"pratiques":["son","documentation"],"drone":"a_verifier"}},{"type":"Feature","geometry":{"type":"Point","coordinates":[20.95,40.95]},"properties":{"id":"I-513","nom":"Pêche traditionnelle du lac Prespa","type":"interet","pays":"MK","natures":["mode_de_vie","nature"],"pratiques":["documentation","son"],"drone":"a_verifier"}},{"type":"Feature","geometry":{"type":"Point","coordinates":[24.9,42.6]},"properties":{"id":"I-514","nom":"Vallée des Roses et distillation","type":"interet","pays":"BG","natures":["mode_de_vie","infrastructure"],"pratiques":["documentation","son"],"drone":"a_verifier"}},{"type":"Feature","geometry":{"type":"Point","coordinates":[24.85,42.75]},"properties":{"id":"I-515","nom":"Monuments communistes abandonnés","type":"interet","pays":"BG","natures":["architecture","patrimoine"],"pratiques":["documentation","photogrammetrie","drone"],"drone":"a_verifier"}},{"type":"Feature","geometry":{"type":"Point","coordinates":[24.72,41.62]},"properties":{"id":"I-516","nom":"Kukeri et rites d'hiver","type":"interet","pays":"BG","natures":["evenement","population"],"pratiques":["documentation","son","video"],"drone":"a_verifier"}},{"type":"Feature","geometry":{"type":"Point","coordinates":[21.4,48.12]},"properties":{"id":"I-517","nom":"Tokaj et vignoble de loess","type":"interet","pays":"HU","natures":["mode_de_vie","infrastructure"],"pratiques":["documentation","son"],"drone":"a_verifier"}},{"type":"Feature","geometry":{"type":"Point","coordinates":[21.1,47.55]},"properties":{"id":"I-518","nom":"Élevage de mangalica et races anciennes","type":"interet","pays":"HU","natures":["mode_de_vie","nature"],"pratiques":["documentation","son"],"drone":"a_verifier"}},{"type":"Feature","geometry":{"type":"Point","coordinates":[19.02,47.45]},"properties":{"id":"I-519","nom":"Bains thermaux de province","type":"interet","pays":"HU","natures":["mode_de_vie","population"],"pratiques":["documentation","son"],"drone":"a_verifier"}},{"type":"Feature","geometry":{"type":"Point","coordinates":[-9.26,42.91]},"properties":{"id":"I-52","nom":"Criée et conserveries de Fisterra","type":"interet","pays":"ES","natures":["mode_de_vie","infrastructure"],"pratiques":["documentation","son"],"drone":"a_verifier"}},{"type":"Feature","geometry":{"type":"Point","coordinates":[19.06,47.5]},"properties":{"id":"I-520","nom":"Quartier juif et mémoire de Budapest","type":"interet","pays":"HU","natures":["patrimoine","population"],"pratiques":["documentation","son","ecrits"],"drone":"a_verifier"}},{"type":"Feature","geometry":{"type":"Point","coordinates":[19.05,47.75]},"properties":{"id":"I-521","nom":"Villages du Danube et pêche fluviale","type":"interet","pays":"HU","natures":["mode_de_vie"],"pratiques":["documentation","son"],"drone":"a_verifier"}},{"type":"Feature","geometry":{"type":"Point","coordinates":[15.65,48.38]},"properties":{"id":"I-522","nom":"Heuriger et sociabilité viticole","type":"interet","pays":"AT","natures":["mode_de_vie","population"],"pratiques":["documentation","son"],"drone":"a_verifier"}},{"type":"Feature","geometry":{"type":"Point","coordinates":[15.35,47.15]},"properties":{"id":"I-523","nom":"Alpages et fabrication du fromage styrien","type":"interet","pays":"AT","natures":["mode_de_vie"],"pratiques":["documentation","son"],"drone":"a_verifier"}},{"type":"Feature","geometry":{"type":"Point","coordinates":[13.9,45.67]},"properties":{"id":"I-524","nom":"Chevaux lipizzans de Lipica","type":"interet","pays":"SI","natures":["mode_de_vie","patrimoine"],"pratiques":["documentation","video"],"drone":"a_verifier"}},{"type":"Feature","geometry":{"type":"Point","coordinates":[14.05,45.9]},"properties":{"id":"I-525","nom":"Ruches peintes et apiculture slovène","type":"interet","pays":"SI","natures":["mode_de_vie","patrimoine"],"pratiques":["documentation","dessin"],"drone":"a_verifier"}},{"type":"Feature","geometry":{"type":"Point","coordinates":[15.98,45.81]},"properties":{"id":"I-526","nom":"Marchés et halles de Zagreb","type":"interet","pays":"HR","natures":["mode_de_vie","population"],"pratiques":["documentation","son"],"drone":"a_verifier"}},{"type":"Feature","geometry":{"type":"Point","coordinates":[15.6,45.6]},"properties":{"id":"I-527","nom":"Villages incendiés de la Krajina","type":"interet","pays":"HR","natures":["population","patrimoine"],"pratiques":["documentation","ecrits"],"drone":"a_verifier"}},{"type":"Feature","geometry":{"type":"Point","coordinates":[16.9,43.7]},"properties":{"id":"I-528","nom":"Ostréiculture et pêche de Dalmatie","type":"interet","pays":"HR","natures":["mode_de_vie","infrastructure"],"pratiques":["documentation","son"],"drone":"a_verifier"}},{"type":"Feature","geometry":{"type":"Point","coordinates":[16.25,43.51]},"properties":{"id":"I-529","nom":"Chants klapa et transmission","type":"interet","pays":"HR","natures":["evenement","population"],"pratiques":["son","video"],"drone":"a_verifier"}},{"type":"Feature","geometry":{"type":"Point","coordinates":[-9.29,42.88]},"properties":{"id":"I-53","nom":"Phares de la Costa da Morte","type":"interet","pays":"ES","natures":["architecture","paysage"],"pratiques":["documentation","video"],"drone":"a_verifier"}},{"type":"Feature","geometry":{"type":"Point","coordinates":[17.75,43.2]},"properties":{"id":"I-530","nom":"Stećci — stèles médiévales","type":"interet","pays":"BA","natures":["patrimoine","architecture"],"pratiques":["documentation","photogrammetrie"],"drone":"a_verifier"}},{"type":"Feature","geometry":{"type":"Point","coordinates":[17.81,43.34]},"properties":{"id":"I-531","nom":"Métallurgie du cuivre et ateliers","type":"interet","pays":"BA","natures":["mode_de_vie","patrimoine"],"pratiques":["documentation","son","video"],"drone":"a_verifier"}},{"type":"Feature","geometry":{"type":"Point","coordinates":[18.92,42.39]},"properties":{"id":"I-532","nom":"Cetinje et l'ancienne capitale","type":"interet","pays":"ME","natures":["architecture","patrimoine"],"pratiques":["documentation","dessin"],"drone":"a_verifier"}},{"type":"Feature","geometry":{"type":"Point","coordinates":[19.95,40.71]},"properties":{"id":"I-533","nom":"Berat, la ville aux mille fenêtres","type":"interet","pays":"AL","natures":["architecture","patrimoine"],"pratiques":["documentation","photogrammetrie","dessin"],"drone":"a_verifier"}},{"type":"Feature","geometry":{"type":"Point","coordinates":[20.05,40.15]},"properties":{"id":"I-534","nom":"Kanun et sociétés de montagne du Nord","type":"interet","pays":"AL","natures":["population","patrimoine"],"pratiques":["son","ecrits"],"drone":"a_verifier"}},{"type":"Feature","geometry":{"type":"Point","coordinates":[19.8,40.05]},"properties":{"id":"I-535","nom":"Bunkers reconvertis et usages ordinaires","type":"interet","pays":"AL","natures":["infrastructure","mode_de_vie"],"pratiques":["documentation"],"drone":"a_verifier"}},{"type":"Feature","geometry":{"type":"Point","coordinates":[28.97,41.02]},"properties":{"id":"I-536","nom":"Pêcheurs et marchés d'Eminönü","type":"interet","pays":"TR","natures":["mode_de_vie","population"],"pratiques":["documentation","son"],"drone":"a_verifier"}},{"type":"Feature","geometry":{"type":"Point","coordinates":[28.95,41.03]},"properties":{"id":"I-537","nom":"Quartiers de Balat et Fener","type":"interet","pays":"TR","natures":["architecture","population"],"pratiques":["documentation","son","dessin"],"drone":"a_verifier"}},{"type":"Feature","geometry":{"type":"Point","coordinates":[28.97,41.01]},"properties":{"id":"I-538","nom":"Ateliers du Grand Bazar et han","type":"interet","pays":"TR","natures":["mode_de_vie","patrimoine"],"pratiques":["documentation","son","video"],"drone":"a_verifier"}},{"type":"Feature","geometry":{"type":"Point","coordinates":[26.65,41.6]},"properties":{"id":"I-539","nom":"Vie de village en Thrace turque","type":"interet","pays":"TR","natures":["mode_de_vie","population"],"pratiques":["documentation","son"],"drone":"a_verifier"}},{"type":"Feature","geometry":{"type":"Point","coordinates":[-9.18,43.13]},"properties":{"id":"I-54","nom":"Dentellières de Camariñas","type":"interet","pays":"ES","natures":["mode_de_vie","population"],"pratiques":["documentation","son","video"],"drone":"a_verifier"}},{"type":"Feature","geometry":{"type":"Point","coordinates":[26.5,41.75]},"properties":{"id":"I-540","nom":"Huile de rose et agriculture thrace","type":"interet","pays":"TR","natures":["mode_de_vie","infrastructure"],"pratiques":["documentation"],"drone":"a_verifier"}},{"type":"Feature","geometry":{"type":"Point","coordinates":[27.3,58.6]},"properties":{"id":"I-541","nom":"Vieux-croyants du lac Peïpous","type":"interet","pays":"EE","natures":["population","patrimoine"],"pratiques":["son","documentation"],"drone":"a_verifier"}},{"type":"Feature","geometry":{"type":"Point","coordinates":[26.72,58.38]},"properties":{"id":"I-542","nom":"Tartu, ville universitaire","type":"interet","pays":"EE","natures":["population","mode_de_vie"],"pratiques":["documentation","son"],"drone":"a_verifier"}},{"type":"Feature","geometry":{"type":"Point","coordinates":[26.7,58.4]},"properties":{"id":"I-543","nom":"Fête des chants estonienne","type":"interet","pays":"EE","natures":["evenement","population"],"pratiques":["son","video"],"drone":"a_verifier"}},{"type":"Feature","geometry":{"type":"Point","coordinates":[27.33,56.51]},"properties":{"id":"I-544","nom":"Latgale et minorité russophone","type":"interet","pays":"LV","natures":["population","mode_de_vie"],"pratiques":["son","documentation"],"drone":"a_verifier"}},{"type":"Feature","geometry":{"type":"Point","coordinates":[27.2,56.45]},"properties":{"id":"I-545","nom":"Poterie de Latgale","type":"interet","pays":"LV","natures":["mode_de_vie","patrimoine"],"pratiques":["documentation","video","son"],"drone":"a_verifier"}},{"type":"Feature","geometry":{"type":"Point","coordinates":[24.3,56.8]},"properties":{"id":"I-546","nom":"Manoirs baltes abandonnés","type":"interet","pays":"LV","natures":["architecture","patrimoine"],"pratiques":["documentation","photogrammetrie"],"drone":"a_verifier"}},{"type":"Feature","geometry":{"type":"Point","coordinates":[4.42,51.21]},"properties":{"id":"I-547","nom":"Quartier diamantaire et communauté juive orthodoxe","type":"interet","pays":"BE","natures":["population","mode_de_vie"],"pratiques":["documentation","son"],"drone":"a_verifier"}},{"type":"Feature","geometry":{"type":"Point","coordinates":[4.27,51.31]},"properties":{"id":"I-548","nom":"Doel, le village que le port a vidé","type":"interet","pays":"BE","natures":["architecture","mode_de_vie","paysage"],"pratiques":["documentation","dessin","drone"],"drone":"a_verifier"}},{"type":"Feature","geometry":{"type":"Point","coordinates":[4.33,51.29]},"properties":{"id":"I-549","nom":"Le port vu de l'Escaut","type":"interet","pays":"BE","natures":["infrastructure","paysage"],"pratiques":["documentation","video"],"drone":"a_verifier"}},{"type":"Feature","geometry":{"type":"Point","coordinates":[-9.24,43.09]},"properties":{"id":"I-55","nom":"Tempêtes d'hiver sur la côte","type":"interet","pays":"ES","natures":["paysage","nature"],"pratiques":["documentation","video"],"drone":"a_verifier"}},{"type":"Feature","geometry":{"type":"Point","coordinates":[4.29,51.3]},"properties":{"id":"I-550","nom":"Lillo et Berendrecht, villages enclavés dans le port","type":"interet","pays":"BE","natures":["mode_de_vie","population"],"pratiques":["documentation","son"],"drone":"a_verifier"}},{"type":"Feature","geometry":{"type":"Point","coordinates":[5.5,50.97]},"properties":{"id":"I-551","nom":"Cité-jardin de Winterslag et les mineurs venus d'ailleurs","type":"interet","pays":"BE","natures":["population","architecture","mode_de_vie"],"pratiques":["documentation","son"],"drone":"a_verifier"}},{"type":"Feature","geometry":{"type":"Point","coordinates":[5.52,50.96]},"properties":{"id":"I-552","nom":"Terrils du Limbourg et le C-Mine","type":"interet","pays":"BE","natures":["infrastructure","patrimoine","paysage"],"pratiques":["documentation","drone"],"drone":"a_verifier"}},{"type":"Feature","geometry":{"type":"Point","coordinates":[4.45,51.19]},"properties":{"id":"I-553","nom":"Colombophilie et les derniers pigeonniers","type":"interet","pays":"BE","natures":["mode_de_vie","population"],"pratiques":["documentation","son","video"],"drone":"a_verifier"}},{"type":"Feature","geometry":{"type":"Point","coordinates":[4.43,51.21]},"properties":{"id":"I-554","nom":"Marchés de Borgerhout et du Zuid","type":"interet","pays":"BE","natures":["population","mode_de_vie"],"pratiques":["documentation","son"],"drone":"a_verifier"}},{"type":"Feature","geometry":{"type":"Point","coordinates":[6.09,50.5]},"properties":{"id":"I-555","nom":"Hautes Fagnes — tourbières et caillebotis","type":"interet","pays":"BE","natures":["paysage","nature"],"pratiques":["documentation","rando","dessin"],"drone":"a_verifier"}},{"type":"Feature","geometry":{"type":"Point","coordinates":[4.79,50.2]},"properties":{"id":"I-556","nom":"Carrières noyées de Vodelée et la plongée du Benelux","type":"interet","pays":"BE","natures":["sport","mode_de_vie","population"],"pratiques":["plongee","documentation","video"],"drone":"a_verifier"}},{"type":"Feature","geometry":{"type":"Point","coordinates":[5.47,49.51]},"properties":{"id":"I-557","nom":"Gaume — Torgny, le versant qui regarde au sud","type":"interet","pays":"BE","natures":["mode_de_vie","paysage","population"],"pratiques":["documentation","son","dessin"],"drone":"a_verifier"}},{"type":"Feature","geometry":{"type":"Point","coordinates":[5.45,49.53]},"properties":{"id":"I-558","nom":"Ce qu'il reste de nuit en Gaume","type":"interet","pays":"BE","natures":["ciel"],"pratiques":["astro","documentation"],"drone":"a_verifier"}},{"type":"Feature","geometry":{"type":"Point","coordinates":[4.93,49.87]},"properties":{"id":"I-559","nom":"Boucles de la Semois et les séchoirs à tabac","type":"interet","pays":"BE","natures":["paysage","patrimoine","mode_de_vie"],"pratiques":["documentation","dessin"],"drone":"a_verifier"}},{"type":"Feature","geometry":{"type":"Point","coordinates":[-8.28,41.87]},"properties":{"id":"I-56","nom":"Espigueiros de Soajo","type":"interet","pays":"PT","natures":["architecture","patrimoine"],"pratiques":["documentation","photogrammetrie"],"drone":"a_verifier"}},{"type":"Feature","geometry":{"type":"Point","coordinates":[4.98,49.92]},"properties":{"id":"I-560","nom":"Battue ardennaise et la saison de chasse","type":"interet","pays":"BE","natures":["mode_de_vie","population","evenement"],"pratiques":["documentation","son"],"drone":"a_verifier"}},{"type":"Feature","geometry":{"type":"Point","coordinates":[5.07,49.79]},"properties":{"id":"I-561","nom":"Bouillon, les crêtes et le château","type":"interet","pays":"BE","natures":["architecture","paysage"],"pratiques":["documentation","drone"],"drone":"a_verifier"}},{"type":"Feature","geometry":{"type":"Point","coordinates":[5.34,49.64]},"properties":{"id":"I-562","nom":"Trappes et brasseries — Orval, Rochefort, Chimay","type":"interet","pays":"BE","natures":["mode_de_vie","patrimoine","population"],"pratiques":["documentation","son"],"drone":"a_verifier"}},{"type":"Feature","geometry":{"type":"Point","coordinates":[4.11,50.47]},"properties":{"id":"I-563","nom":"Ascenseurs hydrauliques du canal du Centre","type":"interet","pays":"BE","natures":["infrastructure","patrimoine"],"pratiques":["photogrammetrie","lidar","documentation","drone"],"drone":"a_verifier"}},{"type":"Feature","geometry":{"type":"Point","coordinates":[4.1,50.48]},"properties":{"id":"I-564","nom":"Strépy-Thieu, l'ascenseur qui a remplacé les quatre","type":"interet","pays":"BE","natures":["infrastructure"],"pratiques":["documentation","video","drone"],"drone":"a_verifier"}},{"type":"Feature","geometry":{"type":"Point","coordinates":[3.83,50.44]},"properties":{"id":"I-565","nom":"Grand-Hornu, l'usine en forme de ville","type":"interet","pays":"BE","natures":["architecture","patrimoine"],"pratiques":["documentation","dessin"],"drone":"a_verifier"}},{"type":"Feature","geometry":{"type":"Point","coordinates":[4.44,50.39]},"properties":{"id":"I-566","nom":"Bois du Cazier, Marcinelle 1956","type":"interet","pays":"BE","natures":["patrimoine","population"],"pratiques":["documentation","ecrits","son"],"drone":"a_verifier"}},{"type":"Feature","geometry":{"type":"Point","coordinates":[4.12,50.48]},"properties":{"id":"I-567","nom":"Bois-du-Luc et les corons habités","type":"interet","pays":"BE","natures":["architecture","mode_de_vie","population"],"pratiques":["documentation","son"],"drone":"a_verifier"}},{"type":"Feature","geometry":{"type":"Point","coordinates":[3.9,50.42]},"properties":{"id":"I-568","nom":"Terrils du Borinage et le sentier qui les relie","type":"interet","pays":"BE","natures":["paysage","nature","sport"],"pratiques":["rando","documentation","drone"],"drone":"a_verifier"}},{"type":"Feature","geometry":{"type":"Point","coordinates":[4.44,50.41]},"properties":{"id":"I-569","nom":"Charleroi, la ville basse et le ring","type":"interet","pays":"BE","natures":["architecture","mode_de_vie","infrastructure"],"pratiques":["documentation","dessin"],"drone":"a_verifier"}},{"type":"Feature","geometry":{"type":"Point","coordinates":[-8.2,41.9]},"properties":{"id":"I-57","nom":"Estives et vezeiras communautaires","type":"interet","pays":"PT","natures":["mode_de_vie","population"],"pratiques":["documentation","son"],"drone":"a_verifier"}},{"type":"Feature","geometry":{"type":"Point","coordinates":[4.16,50.41]},"properties":{"id":"I-570","nom":"Marches de l'Entre-Sambre-et-Meuse et les Gilles de Binche","type":"interet","pays":"BE","natures":["evenement","population","mode_de_vie"],"pratiques":["video","son","documentation"],"drone":"a_verifier"}},{"type":"Feature","geometry":{"type":"Point","coordinates":[4.35,50.84]},"properties":{"id":"I-571","nom":"Les Marolles et le marché du Jeu de Balle","type":"interet","pays":"BE","natures":["population","mode_de_vie"],"pratiques":["documentation","son","dessin"],"drone":"a_verifier"}},{"type":"Feature","geometry":{"type":"Point","coordinates":[4.34,50.85]},"properties":{"id":"I-572","nom":"Molenbeek et le canal","type":"interet","pays":"BE","natures":["population","mode_de_vie"],"pratiques":["documentation","son"],"drone":"a_verifier"}},{"type":"Feature","geometry":{"type":"Point","coordinates":[4.36,50.82]},"properties":{"id":"I-573","nom":"Art nouveau bruxellois et les maisons de maître","type":"interet","pays":"BE","natures":["architecture","patrimoine"],"pratiques":["documentation","dessin"],"drone":"a_verifier"}},{"type":"Feature","geometry":{"type":"Point","coordinates":[4.24,50.79]},"properties":{"id":"I-574","nom":"Le Pajottenland et la fermentation spontanée","type":"interet","pays":"BE","natures":["mode_de_vie","patrimoine"],"pratiques":["documentation","son","video"],"drone":"a_verifier"}},{"type":"Feature","geometry":{"type":"Point","coordinates":[4.33,50.83]},"properties":{"id":"I-575","nom":"Friteries, estaminets et le comptoir","type":"interet","pays":"BE","natures":["mode_de_vie","population"],"pratiques":["documentation","son"],"drone":"a_verifier"}},{"type":"Feature","geometry":{"type":"Point","coordinates":[3.72,51.05]},"properties":{"id":"I-576","nom":"Béguinages et le Patershol à Gand","type":"interet","pays":"BE","natures":["architecture","patrimoine"],"pratiques":["documentation","dessin"],"drone":"a_verifier"}},{"type":"Feature","geometry":{"type":"Point","coordinates":[3.6,50.85]},"properties":{"id":"I-577","nom":"Le Ronde et les monts pavés","type":"interet","pays":"BE","natures":["evenement","sport","population"],"pratiques":["video","documentation","son","moto"],"drone":"a_verifier"}},{"type":"Feature","geometry":{"type":"Point","coordinates":[4.38,50.84]},"properties":{"id":"I-578","nom":"Le quartier européen vu du dehors","type":"interet","pays":"BE","natures":["infrastructure","population"],"pratiques":["documentation","ecrits"],"drone":"a_verifier"}},{"type":"Feature","geometry":{"type":"Point","coordinates":[2.68,51.13]},"properties":{"id":"I-579","nom":"Pêche à la crevette à cheval, Oostduinkerke","type":"interet","pays":"BE","natures":["mode_de_vie","population","patrimoine"],"pratiques":["documentation","son","video","dessin"],"drone":"a_verifier"}},{"type":"Feature","geometry":{"type":"Point","coordinates":[-8.35,41.85]},"properties":{"id":"I-58","nom":"Villages de granit du Gerês","type":"interet","pays":"PT","natures":["architecture","mode_de_vie"],"pratiques":["documentation","dessin"],"drone":"a_verifier"}},{"type":"Feature","geometry":{"type":"Point","coordinates":[2.75,51.15]},"properties":{"id":"I-580","nom":"Le Kusttram et la digue continue","type":"interet","pays":"BE","natures":["infrastructure","mode_de_vie","architecture"],"pratiques":["documentation","video","son"],"drone":"a_verifier"}},{"type":"Feature","geometry":{"type":"Point","coordinates":[2.92,51.23]},"properties":{"id":"I-581","nom":"Cabines, appartements et retraités du front de mer","type":"interet","pays":"BE","natures":["architecture","mode_de_vie","population"],"pratiques":["documentation","dessin"],"drone":"a_verifier"}},{"type":"Feature","geometry":{"type":"Point","coordinates":[2.89,50.85]},"properties":{"id":"I-582","nom":"Champs de bataille de l'Yser, cent ans après","type":"interet","pays":"BE","natures":["patrimoine","paysage","population"],"pratiques":["documentation","ecrits","drone"],"drone":"a_verifier"}},{"type":"Feature","geometry":{"type":"Point","coordinates":[2.72,50.85]},"properties":{"id":"I-583","nom":"Houblonnières de Poperinge","type":"interet","pays":"BE","natures":["mode_de_vie","nature","population"],"pratiques":["documentation","son","video"],"drone":"a_verifier"}},{"type":"Feature","geometry":{"type":"Point","coordinates":[2.89,50.85]},"properties":{"id":"I-584","nom":"Last Post à la porte de Menin","type":"interet","pays":"BE","natures":["evenement","population","patrimoine"],"pratiques":["son","documentation","video"],"drone":"a_verifier"}},{"type":"Feature","geometry":{"type":"Point","coordinates":[3.28,51.25]},"properties":{"id":"I-585","nom":"Damme, les polders et le canal de Bruges","type":"interet","pays":"BE","natures":["paysage","architecture","nature"],"pratiques":["documentation","dessin","drone"],"drone":"a_verifier"}},{"type":"Feature","geometry":{"type":"Point","coordinates":[2.78,50.88]},"properties":{"id":"I-586","nom":"Estaminets du Westhoek et les jeux de café","type":"interet","pays":"BE","natures":["mode_de_vie","population","patrimoine"],"pratiques":["documentation","son"],"drone":"a_verifier"}},{"type":"Feature","geometry":{"type":"Point","coordinates":[1.35,51.14]},"properties":{"id":"I-587","nom":"Falaises de Douvres et le trafic du détroit","type":"interet","pays":"GB","natures":["paysage","infrastructure"],"pratiques":["documentation","drone","dessin"],"drone":"a_verifier"}},{"type":"Feature","geometry":{"type":"Point","coordinates":[0.97,50.91]},"properties":{"id":"I-588","nom":"Dungeness — le désert de galets","type":"interet","pays":"GB","natures":["paysage","architecture","mode_de_vie"],"pratiques":["documentation","dessin","photogrammetrie"],"drone":"a_verifier"}},{"type":"Feature","geometry":{"type":"Point","coordinates":[0.88,50.98]},"properties":{"id":"I-589","nom":"Romney Marsh et ses moutons","type":"interet","pays":"GB","natures":["paysage","mode_de_vie","nature"],"pratiques":["documentation","son","dessin"],"drone":"a_verifier"}},{"type":"Feature","geometry":{"type":"Point","coordinates":[-8.19,41.82]},"properties":{"id":"I-59","nom":"Voie romaine Geira et bornes milliaires","type":"interet","pays":"PT","natures":["patrimoine"],"pratiques":["documentation","rando"],"drone":"a_verifier"}},{"type":"Feature","geometry":{"type":"Point","coordinates":[0.75,51.19]},"properties":{"id":"I-590","nom":"Oast houses et le houblon du Weald","type":"interet","pays":"GB","natures":["architecture","mode_de_vie"],"pratiques":["documentation","dessin"],"drone":"a_verifier"}},{"type":"Feature","geometry":{"type":"Point","coordinates":[1.03,51.36]},"properties":{"id":"I-591","nom":"Huîtres et pêcheurs de Whitstable","type":"interet","pays":"GB","natures":["mode_de_vie","population"],"pratiques":["documentation","son","video"],"drone":"a_verifier"}},{"type":"Feature","geometry":{"type":"Point","coordinates":[0.73,50.95]},"properties":{"id":"I-592","nom":"Cinque Ports échoués — Rye et Winchelsea","type":"interet","pays":"GB","natures":["architecture","patrimoine","paysage"],"pratiques":["documentation","dessin"],"drone":"a_verifier"}},{"type":"Feature","geometry":{"type":"Point","coordinates":[0.9,51.25]},"properties":{"id":"I-593","nom":"Cueilleurs saisonniers et les bras qui manquent","type":"interet","pays":"GB","natures":["population","mode_de_vie"],"pratiques":["documentation","son","ecrits"],"drone":"a_verifier"}},{"type":"Feature","geometry":{"type":"Point","coordinates":[1.15,51.1]},"properties":{"id":"I-594","nom":"Aérodromes et abris de 1940","type":"interet","pays":"GB","natures":["patrimoine","infrastructure"],"pratiques":["documentation","dessin"],"drone":"a_verifier"}},{"type":"Feature","geometry":{"type":"Point","coordinates":[-0.06,51.55]},"properties":{"id":"I-595","nom":"Marchés de l'East End","type":"interet","pays":"GB","natures":["population","mode_de_vie"],"pratiques":["documentation","son"],"drone":"a_verifier"}},{"type":"Feature","geometry":{"type":"Point","coordinates":[0.11,51.5]},"properties":{"id":"I-596","nom":"Les grands ensembles d'après-guerre","type":"interet","pays":"GB","natures":["architecture","mode_de_vie","population"],"pratiques":["documentation","dessin"],"drone":"a_verifier"}},{"type":"Feature","geometry":{"type":"Point","coordinates":[-0.08,51.51]},"properties":{"id":"I-597","nom":"La Tamise à marée basse","type":"interet","pays":"GB","natures":["patrimoine","mode_de_vie","paysage"],"pratiques":["documentation","son"],"drone":"a_verifier"}},{"type":"Feature","geometry":{"type":"Point","coordinates":[-0.01,51.51]},"properties":{"id":"I-598","nom":"Billingsgate à quatre heures","type":"interet","pays":"GB","natures":["mode_de_vie","population"],"pratiques":["documentation","son","video"],"drone":"a_verifier"}},{"type":"Feature","geometry":{"type":"Point","coordinates":[-0.09,51.53]},"properties":{"id":"I-599","nom":"Pubs, clubs ouvriers et le dernier verre","type":"interet","pays":"GB","natures":["mode_de_vie","population"],"pratiques":["son","documentation"],"drone":"a_verifier"}},{"type":"Feature","geometry":{"type":"Point","coordinates":[-7.55,41.19]},"properties":{"id":"I-60","nom":"Terrasses et vendangeurs de la quinta","type":"interet","pays":"PT","natures":["mode_de_vie","infrastructure"],"pratiques":["documentation","son","drone"],"drone":"a_verifier"}},{"type":"Feature","geometry":{"type":"Point","coordinates":[-0.07,51.52]},"properties":{"id":"I-600","nom":"Brick Lane, Whitechapel et les quartiers de diaspora","type":"interet","pays":"GB","natures":["population","mode_de_vie"],"pratiques":["documentation","son"],"drone":"a_verifier"}},{"type":"Feature","geometry":{"type":"Point","coordinates":[-0.12,51.5]},"properties":{"id":"I-601","nom":"Vivre sous caméra — ULEZ, congestion, reconnaissance","type":"interet","pays":"GB","natures":["infrastructure","mode_de_vie"],"pratiques":["documentation","ecrits"],"drone":"a_verifier"}},{"type":"Feature","geometry":{"type":"Point","coordinates":[-0.06,51.54]},"properties":{"id":"I-602","nom":"Narrowboats du Regent's Canal","type":"interet","pays":"GB","natures":["mode_de_vie","infrastructure","population"],"pratiques":["documentation","son","video"],"drone":"a_verifier"}},{"type":"Feature","geometry":{"type":"Point","coordinates":[0.2,52.55]},"properties":{"id":"I-603","nom":"Les Fens — le polder anglais","type":"interet","pays":"GB","natures":["paysage","infrastructure"],"pratiques":["documentation","drone","dessin"],"drone":"a_verifier"}},{"type":"Feature","geometry":{"type":"Point","coordinates":[0.16,52.66]},"properties":{"id":"I-604","nom":"Wisbech et la main-d'œuvre venue de l'est","type":"interet","pays":"GB","natures":["population","mode_de_vie"],"pratiques":["documentation","son","ecrits"],"drone":"a_verifier"}},{"type":"Feature","geometry":{"type":"Point","coordinates":[1.53,52.71]},"properties":{"id":"I-605","nom":"Norfolk Broads — la vie sur l'eau","type":"interet","pays":"GB","natures":["mode_de_vie","nature","paysage"],"pratiques":["documentation","video","son"],"drone":"a_verifier"}},{"type":"Feature","geometry":{"type":"Point","coordinates":[1.56,52.08]},"properties":{"id":"I-606","nom":"Orford Ness — la pointe interdite","type":"interet","pays":"GB","natures":["patrimoine","infrastructure","paysage"],"pratiques":["documentation","dessin"],"drone":"a_verifier"}},{"type":"Feature","geometry":{"type":"Point","coordinates":[1.3,52.93]},"properties":{"id":"I-607","nom":"Pêcheurs de crabe de Cromer","type":"interet","pays":"GB","natures":["mode_de_vie","population"],"pratiques":["documentation","son","video"],"drone":"a_verifier"}},{"type":"Feature","geometry":{"type":"Point","coordinates":[1.28,52.88]},"properties":{"id":"I-608","nom":"Églises de silex et les tours rondes","type":"interet","pays":"GB","natures":["architecture","patrimoine"],"pratiques":["documentation","dessin"],"drone":"a_verifier"}},{"type":"Feature","geometry":{"type":"Point","coordinates":[1.53,52.82]},"properties":{"id":"I-609","nom":"La côte qui recule — Happisburgh","type":"interet","pays":"GB","natures":["paysage","mode_de_vie","population"],"pratiques":["documentation","drone","ecrits"],"drone":"a_verifier"}},{"type":"Feature","geometry":{"type":"Point","coordinates":[-7.11,41.08]},"properties":{"id":"I-61","nom":"Gravures rupestres du Côa","type":"interet","pays":"PT","natures":["patrimoine"],"pratiques":["documentation"],"drone":"a_verifier"}},{"type":"Feature","geometry":{"type":"Point","coordinates":[0.3,52.85]},"properties":{"id":"I-610","nom":"Ciel du Wash et des marais côtiers","type":"interet","pays":"GB","natures":["ciel","nature"],"pratiques":["astro","documentation"],"drone":"a_verifier"}},{"type":"Feature","geometry":{"type":"Point","coordinates":[-2.49,52.63]},"properties":{"id":"I-611","nom":"Ironbridge, le premier pont de fonte","type":"interet","pays":"GB","natures":["infrastructure","patrimoine","architecture"],"pratiques":["photogrammetrie","lidar","documentation","drone"],"drone":"a_verifier"}},{"type":"Feature","geometry":{"type":"Point","coordinates":[-2.18,53]},"properties":{"id":"I-612","nom":"Fours-bouteilles et les dernières fabriques de Stoke","type":"interet","pays":"GB","natures":["architecture","mode_de_vie","infrastructure"],"pratiques":["documentation","son","dessin"],"drone":"a_verifier"}},{"type":"Feature","geometry":{"type":"Point","coordinates":[-2.06,52.5]},"properties":{"id":"I-613","nom":"Le réseau de canaux et ceux qui l'habitent","type":"interet","pays":"GB","natures":["infrastructure","mode_de_vie","population"],"pratiques":["documentation","video","son"],"drone":"a_verifier"}},{"type":"Feature","geometry":{"type":"Point","coordinates":[-2.09,52.52]},"properties":{"id":"I-614","nom":"Le Black Country — forges de famille","type":"interet","pays":"GB","natures":["mode_de_vie","population","infrastructure"],"pratiques":["documentation","son","video"],"drone":"a_verifier"}},{"type":"Feature","geometry":{"type":"Point","coordinates":[-1.89,52.46]},"properties":{"id":"I-615","nom":"Balti triangle et les diasporas de Birmingham","type":"interet","pays":"GB","natures":["population","mode_de_vie"],"pratiques":["documentation","son"],"drone":"a_verifier"}},{"type":"Feature","geometry":{"type":"Point","coordinates":[-1.8,53.3]},"properties":{"id":"I-616","nom":"Peak District — murs, fermes et landes","type":"interet","pays":"GB","natures":["paysage","mode_de_vie","nature"],"pratiques":["documentation","rando","dessin"],"drone":"a_verifier"}},{"type":"Feature","geometry":{"type":"Point","coordinates":[-1.68,53.28]},"properties":{"id":"I-617","nom":"Well dressing du Derbyshire","type":"interet","pays":"GB","natures":["evenement","patrimoine","population"],"pratiques":["documentation","video","son"],"drone":"a_verifier"}},{"type":"Feature","geometry":{"type":"Point","coordinates":[-2.1,52.51]},"properties":{"id":"I-618","nom":"Tunnels de canal — Netherton et Standedge","type":"interet","pays":"GB","natures":["infrastructure","patrimoine"],"pratiques":["documentation","lidar"],"drone":"a_verifier"}},{"type":"Feature","geometry":{"type":"Point","coordinates":[-6.85,57.92]},"properties":{"id":"I-619","nom":"Tisserands du Harris Tweed","type":"interet","pays":"GB","natures":["mode_de_vie","population","patrimoine"],"pratiques":["documentation","son","video"],"drone":"a_verifier"}},{"type":"Feature","geometry":{"type":"Point","coordinates":[-7.15,41.1]},"properties":{"id":"I-62","nom":"Nuit d'observation en réserve du Vale do Tua","type":"interet","pays":"PT","natures":["ciel"],"pratiques":["astro","documentation"],"drone":"a_verifier"}},{"type":"Feature","geometry":{"type":"Point","coordinates":[-6.75,58.2]},"properties":{"id":"I-620","nom":"Pierres de Callanish","type":"interet","pays":"GB","natures":["patrimoine","ciel","paysage"],"pratiques":["photogrammetrie","documentation","drone"],"drone":"a_verifier"}},{"type":"Feature","geometry":{"type":"Point","coordinates":[-6.85,58.18]},"properties":{"id":"I-621","nom":"Crofting et le machair","type":"interet","pays":"GB","natures":["mode_de_vie","nature","paysage"],"pratiques":["documentation","son","dessin"],"drone":"a_verifier"}},{"type":"Feature","geometry":{"type":"Point","coordinates":[-6.72,58.28]},"properties":{"id":"I-622","nom":"Blackhouses d'Arnol et de Gearrannan","type":"interet","pays":"GB","natures":["architecture","patrimoine"],"pratiques":["documentation","dessin"],"drone":"a_verifier"}},{"type":"Feature","geometry":{"type":"Point","coordinates":[-6.79,57.89]},"properties":{"id":"I-623","nom":"Le gaélique au quotidien","type":"interet","pays":"GB","natures":["population","mode_de_vie"],"pratiques":["son","documentation","ecrits"],"drone":"a_verifier"}},{"type":"Feature","geometry":{"type":"Point","coordinates":[-6.8,58.22]},"properties":{"id":"I-624","nom":"Ciel des Hébrides","type":"interet","pays":"GB","natures":["ciel"],"pratiques":["astro","documentation"],"drone":"a_verifier"}},{"type":"Feature","geometry":{"type":"Point","coordinates":[-6.82,57.91]},"properties":{"id":"I-625","nom":"Le dimanche arrêté","type":"interet","pays":"GB","natures":["mode_de_vie","population"],"pratiques":["documentation","son","ecrits"],"drone":"a_verifier"}},{"type":"Feature","geometry":{"type":"Point","coordinates":[-6.98,57.88]},"properties":{"id":"I-626","nom":"Plages de l'ouest de Harris","type":"interet","pays":"GB","natures":["paysage"],"pratiques":["documentation","drone","dessin"],"drone":"a_verifier"}},{"type":"Feature","geometry":{"type":"Point","coordinates":[-3.34,59.05]},"properties":{"id":"I-627","nom":"Skara Brae et le cœur néolithique","type":"interet","pays":"GB","natures":["patrimoine","architecture"],"pratiques":["photogrammetrie","lidar","documentation"],"drone":"a_verifier"}},{"type":"Feature","geometry":{"type":"Point","coordinates":[-3.23,59]},"properties":{"id":"I-628","nom":"Brodgar et Stenness sous le ciel","type":"interet","pays":"GB","natures":["ciel","patrimoine","paysage"],"pratiques":["astro","documentation","drone"],"drone":"a_verifier"}},{"type":"Feature","geometry":{"type":"Point","coordinates":[-3.15,58.9]},"properties":{"id":"I-629","nom":"Épaves de Scapa Flow","type":"interet","pays":"GB","natures":["patrimoine","infrastructure"],"pratiques":["plongee","documentation","video"],"drone":"a_verifier"}},{"type":"Feature","geometry":{"type":"Point","coordinates":[-7.6,41.16]},"properties":{"id":"I-63","nom":"Barrages et navigation du Douro","type":"interet","pays":"PT","natures":["infrastructure"],"pratiques":["documentation","video"],"drone":"a_verifier"}},{"type":"Feature","geometry":{"type":"Point","coordinates":[-2.9,58.88]},"properties":{"id":"I-630","nom":"Barrières Churchill et la chapelle italienne","type":"interet","pays":"GB","natures":["patrimoine","population","architecture"],"pratiques":["documentation","dessin"],"drone":"a_verifier"}},{"type":"Feature","geometry":{"type":"Point","coordinates":[-3.1,59.02]},"properties":{"id":"I-631","nom":"Fermes et élevage orcadien","type":"interet","pays":"GB","natures":["mode_de_vie","population"],"pratiques":["documentation","son"],"drone":"a_verifier"}},{"type":"Feature","geometry":{"type":"Point","coordinates":[-3.3,58.85]},"properties":{"id":"I-632","nom":"Turbines et l'énergie des courants","type":"interet","pays":"GB","natures":["infrastructure","nature"],"pratiques":["documentation","video","drone"],"drone":"a_verifier"}},{"type":"Feature","geometry":{"type":"Point","coordinates":[-3.42,58.88]},"properties":{"id":"I-633","nom":"Falaises de Hoy et le Old Man","type":"interet","pays":"GB","natures":["paysage","nature"],"pratiques":["documentation","drone","dessin"],"drone":"a_verifier"}},{"type":"Feature","geometry":{"type":"Point","coordinates":[-2.96,58.98]},"properties":{"id":"I-634","nom":"Norrois, dialecte et sagas","type":"interet","pays":"GB","natures":["population","patrimoine"],"pratiques":["son","ecrits","documentation"],"drone":"a_verifier"}},{"type":"Feature","geometry":{"type":"Point","coordinates":[-3.25,54.45]},"properties":{"id":"I-635","nom":"Fell farming et les brebis Herdwick","type":"interet","pays":"GB","natures":["mode_de_vie","population","nature"],"pratiques":["documentation","son","video"],"drone":"a_verifier"}},{"type":"Feature","geometry":{"type":"Point","coordinates":[-2.4,54.42]},"properties":{"id":"I-636","nom":"Murs de pierre sèche des fells","type":"interet","pays":"GB","natures":["architecture","paysage"],"pratiques":["documentation","dessin"],"drone":"a_verifier"}},{"type":"Feature","geometry":{"type":"Point","coordinates":[-2.35,54.47]},"properties":{"id":"I-637","nom":"Hound trailing et lutte cumbrienne","type":"interet","pays":"GB","natures":["evenement","sport","population"],"pratiques":["video","documentation","son"],"drone":"a_verifier"}},{"type":"Feature","geometry":{"type":"Point","coordinates":[-3.2,54.51]},"properties":{"id":"I-638","nom":"Ardoisières de Honister et le vert de Westmorland","type":"interet","pays":"GB","natures":["infrastructure","patrimoine"],"pratiques":["documentation","dessin"],"drone":"a_verifier"}},{"type":"Feature","geometry":{"type":"Point","coordinates":[-3.22,54.45]},"properties":{"id":"I-639","nom":"Sentiers des fells — Scafell et Helvellyn","type":"interet","pays":"GB","natures":["sport","paysage","nature"],"pratiques":["rando","documentation","dessin"],"drone":"a_verifier"}},{"type":"Feature","geometry":{"type":"Point","coordinates":[-7.56,40.38]},"properties":{"id":"I-64","nom":"Bergers et fabrication du queijo da serra","type":"interet","pays":"PT","natures":["mode_de_vie","population"],"pratiques":["documentation","son","video"],"drone":"a_verifier"}},{"type":"Feature","geometry":{"type":"Point","coordinates":[-3.5,54.42]},"properties":{"id":"I-640","nom":"Sellafield et la côte cumbrienne","type":"interet","pays":"GB","natures":["infrastructure","mode_de_vie","population"],"pratiques":["documentation","ecrits"],"drone":"a_verifier"}},{"type":"Feature","geometry":{"type":"Point","coordinates":[-2.45,54.5]},"properties":{"id":"I-641","nom":"Ciel du Lake District","type":"interet","pays":"GB","natures":["ciel"],"pratiques":["astro","documentation"],"drone":"a_verifier"}},{"type":"Feature","geometry":{"type":"Point","coordinates":[-3.3,54.44]},"properties":{"id":"I-642","nom":"Wastwater — la plongée en lac profond","type":"interet","pays":"GB","natures":["sport","nature"],"pratiques":["plongee","documentation"],"drone":"a_verifier"}},{"type":"Feature","geometry":{"type":"Point","coordinates":[-2.98,53.41]},"properties":{"id":"I-643","nom":"Rues de brique et maisons en enfilade","type":"interet","pays":"GB","natures":["architecture","mode_de_vie"],"pratiques":["documentation","dessin"],"drone":"a_verifier"}},{"type":"Feature","geometry":{"type":"Point","coordinates":[-3,53.4]},"properties":{"id":"I-644","nom":"Docks de Liverpool et le départ","type":"interet","pays":"GB","natures":["infrastructure","patrimoine","population"],"pratiques":["documentation","ecrits"],"drone":"a_verifier"}},{"type":"Feature","geometry":{"type":"Point","coordinates":[-2.28,53.46]},"properties":{"id":"I-645","nom":"Les jours de match","type":"interet","pays":"GB","natures":["evenement","population","mode_de_vie"],"pratiques":["son","video","documentation"],"drone":"a_verifier"}},{"type":"Feature","geometry":{"type":"Point","coordinates":[-3.06,53.81]},"properties":{"id":"I-646","nom":"Blackpool hors saison","type":"interet","pays":"GB","natures":["architecture","mode_de_vie","population"],"pratiques":["documentation","dessin","video"],"drone":"a_verifier"}},{"type":"Feature","geometry":{"type":"Point","coordinates":[-2.23,53.48]},"properties":{"id":"I-647","nom":"Ancoats, Salford et les filatures reconverties","type":"interet","pays":"GB","natures":["architecture","infrastructure"],"pratiques":["documentation","dessin"],"drone":"a_verifier"}},{"type":"Feature","geometry":{"type":"Point","coordinates":[-2.9,53.7]},"properties":{"id":"I-648","nom":"Clubs ouvriers et brass bands","type":"interet","pays":"GB","natures":["mode_de_vie","population","evenement"],"pratiques":["son","documentation","video"],"drone":"a_verifier"}},{"type":"Feature","geometry":{"type":"Point","coordinates":[-2.99,53.42]},"properties":{"id":"I-649","nom":"Liverpool irlandaise","type":"interet","pays":"GB","natures":["population","patrimoine"],"pratiques":["documentation","son"],"drone":"a_verifier"}},{"type":"Feature","geometry":{"type":"Point","coordinates":[-7.58,40.35]},"properties":{"id":"I-65","nom":"Vallée glaciaire du Zêzere","type":"interet","pays":"PT","natures":["paysage","nature"],"pratiques":["documentation","dessin"],"drone":"a_verifier"}},{"type":"Feature","geometry":{"type":"Point","coordinates":[-2.9,53.28]},"properties":{"id":"I-650","nom":"Le canal de Manchester à Ellesmere Port","type":"interet","pays":"GB","natures":["infrastructure","patrimoine"],"pratiques":["documentation","video"],"drone":"a_verifier"}},{"type":"Feature","geometry":{"type":"Point","coordinates":[-5.96,54.6]},"properties":{"id":"I-651","nom":"Murs de paix et les fresques de Belfast","type":"interet","pays":"GB","natures":["population","patrimoine","mode_de_vie"],"pratiques":["documentation","son","ecrits"],"drone":"a_verifier"}},{"type":"Feature","geometry":{"type":"Point","coordinates":[-6.47,54.75]},"properties":{"id":"I-652","nom":"Pêcheurs d'anguilles du Lough Neagh","type":"interet","pays":"GB","natures":["mode_de_vie","population","nature"],"pratiques":["documentation","son","video"],"drone":"a_verifier"}},{"type":"Feature","geometry":{"type":"Point","coordinates":[-6.51,55.24]},"properties":{"id":"I-653","nom":"Chaussée des Géants et la côte d'Antrim","type":"interet","pays":"GB","natures":["paysage","nature"],"pratiques":["documentation","drone","dessin"],"drone":"a_verifier"}},{"type":"Feature","geometry":{"type":"Point","coordinates":[-6.1,55.1]},"properties":{"id":"I-654","nom":"Les Glens et l'irlandais d'Ulster","type":"interet","pays":"GB","natures":["population","paysage","mode_de_vie"],"pratiques":["documentation","son"],"drone":"a_verifier"}},{"type":"Feature","geometry":{"type":"Point","coordinates":[-5.89,54.61]},"properties":{"id":"I-655","nom":"Harland & Wolff — les portiques","type":"interet","pays":"GB","natures":["infrastructure","patrimoine"],"pratiques":["documentation","drone"],"drone":"a_verifier"}},{"type":"Feature","geometry":{"type":"Point","coordinates":[-5.94,54.62]},"properties":{"id":"I-656","nom":"Le onze juillet et la saison des marches","type":"interet","pays":"GB","natures":["evenement","population"],"pratiques":["video","son","documentation"],"drone":"a_verifier"}},{"type":"Feature","geometry":{"type":"Point","coordinates":[-6.95,54.7]},"properties":{"id":"I-657","nom":"Ciel de Davagh Forest","type":"interet","pays":"GB","natures":["ciel"],"pratiques":["astro","documentation"],"drone":"a_verifier"}},{"type":"Feature","geometry":{"type":"Point","coordinates":[-3.09,51.77]},"properties":{"id":"I-658","nom":"Big Pit et le paysage industriel de Blaenavon","type":"interet","pays":"GB","natures":["patrimoine","infrastructure"],"pratiques":["documentation","son"],"drone":"a_verifier"}},{"type":"Feature","geometry":{"type":"Point","coordinates":[-3.5,51.66]},"properties":{"id":"I-659","nom":"Les rangées de la Rhondda","type":"interet","pays":"GB","natures":["architecture","mode_de_vie","population"],"pratiques":["documentation","dessin","drone"],"drone":"a_verifier"}},{"type":"Feature","geometry":{"type":"Point","coordinates":[-7.83,40.23]},"properties":{"id":"I-66","nom":"Villages de schiste et dépeuplement","type":"interet","pays":"PT","natures":["architecture","mode_de_vie"],"pratiques":["documentation","son"],"drone":"a_verifier"}},{"type":"Feature","geometry":{"type":"Point","coordinates":[-3.48,51.65]},"properties":{"id":"I-660","nom":"Chorales d'hommes et les chapelles","type":"interet","pays":"GB","natures":["evenement","population","mode_de_vie"],"pratiques":["son","video","documentation"],"drone":"a_verifier"}},{"type":"Feature","geometry":{"type":"Point","coordinates":[-3.55,51.7]},"properties":{"id":"I-661","nom":"Rugby de village le samedi","type":"interet","pays":"GB","natures":["evenement","population","sport"],"pratiques":["video","son","documentation"],"drone":"a_verifier"}},{"type":"Feature","geometry":{"type":"Point","coordinates":[-3.2,51.8]},"properties":{"id":"I-662","nom":"Le gallois, langue d'école et de rue","type":"interet","pays":"GB","natures":["population","mode_de_vie"],"pratiques":["son","documentation","ecrits"],"drone":"a_verifier"}},{"type":"Feature","geometry":{"type":"Point","coordinates":[-4.29,51.57]},"properties":{"id":"I-663","nom":"Presqu'île de Gower","type":"interet","pays":"GB","natures":["paysage","nature"],"pratiques":["documentation","drone","dessin"],"drone":"a_verifier"}},{"type":"Feature","geometry":{"type":"Point","coordinates":[-3.44,51.88]},"properties":{"id":"I-664","nom":"Ciel de Bannau Brycheiniog","type":"interet","pays":"GB","natures":["ciel"],"pratiques":["astro","documentation"],"drone":"a_verifier"}},{"type":"Feature","geometry":{"type":"Point","coordinates":[-3.35,51.69]},"properties":{"id":"I-665","nom":"Aberfan","type":"interet","pays":"GB","natures":["patrimoine","population"],"pratiques":["documentation","ecrits"],"drone":"a_verifier"}},{"type":"Feature","geometry":{"type":"Point","coordinates":[-2.55,55.25]},"properties":{"id":"I-666","nom":"Kielder — la plus grande réserve de ciel d'Europe","type":"interet","pays":"GB","natures":["ciel","nature"],"pratiques":["astro","documentation"],"drone":"a_verifier"}},{"type":"Feature","geometry":{"type":"Point","coordinates":[-1.65,55.63]},"properties":{"id":"I-667","nom":"Îles Farne — phoques et falaises sous l'eau","type":"interet","pays":"GB","natures":["nature","sport"],"pratiques":["plongee","documentation","video"],"drone":"a_verifier"}},{"type":"Feature","geometry":{"type":"Point","coordinates":[-2.2,54.31]},"properties":{"id":"I-668","nom":"Marchés au bétail des Dales","type":"interet","pays":"GB","natures":["mode_de_vie","population","evenement"],"pratiques":["documentation","son"],"drone":"a_verifier"}},{"type":"Feature","geometry":{"type":"Point","coordinates":[-6.2,57.4]},"properties":{"id":"I-669","nom":"Îles de Skye et les tombants de la mer des Hébrides","type":"interet","pays":"GB","natures":["nature","sport"],"pratiques":["plongee","documentation"],"drone":"a_verifier"}},{"type":"Feature","geometry":{"type":"Point","coordinates":[-7.38,38.44]},"properties":{"id":"I-67","nom":"Nuits d'observation à Alqueva","type":"interet","pays":"PT","natures":["ciel"],"pratiques":["astro","documentation"],"drone":"a_verifier"}},{"type":"Feature","geometry":{"type":"Point","coordinates":[-5.8,57.45]},"properties":{"id":"I-670","nom":"Estates et propriété foncière des Highlands","type":"interet","pays":"GB","natures":["population","mode_de_vie","paysage"],"pratiques":["documentation","ecrits","son"],"drone":"a_verifier"}},{"type":"Feature","geometry":{"type":"Point","coordinates":[-5.75,57.5]},"properties":{"id":"I-671","nom":"Cerf, saumon et la saison des domaines","type":"interet","pays":"GB","natures":["mode_de_vie","nature","population"],"pratiques":["documentation","son"],"drone":"a_verifier"}},{"type":"Feature","geometry":{"type":"Point","coordinates":[-4.4,55.1]},"properties":{"id":"I-672","nom":"Ciel de Galloway","type":"interet","pays":"GB","natures":["ciel","nature"],"pratiques":["astro","documentation"],"drone":"a_verifier"}},{"type":"Feature","geometry":{"type":"Point","coordinates":[-3.78,55.66]},"properties":{"id":"I-673","nom":"New Lanark et le village modèle","type":"interet","pays":"GB","natures":["architecture","patrimoine","mode_de_vie"],"pratiques":["documentation","dessin"],"drone":"a_verifier"}},{"type":"Feature","geometry":{"type":"Point","coordinates":[-4.2,55.87]},"properties":{"id":"I-674","nom":"Cités d'après-guerre de Glasgow","type":"interet","pays":"GB","natures":["architecture","population","mode_de_vie"],"pratiques":["documentation","son"],"drone":"a_verifier"}},{"type":"Feature","geometry":{"type":"Point","coordinates":[-4.19,55.85]},"properties":{"id":"I-675","nom":"Espérance de vie et les quartiers de l'est","type":"interet","pays":"GB","natures":["population","mode_de_vie"],"pratiques":["documentation","ecrits","son"],"drone":"a_verifier"}},{"type":"Feature","geometry":{"type":"Point","coordinates":[-9.85,53.48]},"properties":{"id":"I-676","nom":"Marées noires de tourbe et la coupe mécanique","type":"interet","pays":"IE","natures":["nature","mode_de_vie","paysage"],"pratiques":["documentation","drone","ecrits"],"drone":"a_verifier"}},{"type":"Feature","geometry":{"type":"Point","coordinates":[-9.4,53.05]},"properties":{"id":"I-677","nom":"Currachs et les derniers constructeurs","type":"interet","pays":"IE","natures":["mode_de_vie","patrimoine"],"pratiques":["documentation","son","video"],"drone":"a_verifier"}},{"type":"Feature","geometry":{"type":"Point","coordinates":[-6.26,53.35]},"properties":{"id":"I-678","nom":"Moore Street, les Liberties et le marché","type":"interet","pays":"IE","natures":["population","mode_de_vie"],"pratiques":["documentation","son"],"drone":"a_verifier"}},{"type":"Feature","geometry":{"type":"Point","coordinates":[-6.28,53.34]},"properties":{"id":"I-679","nom":"Le logement, la crise et les listes d'attente","type":"interet","pays":"IE","natures":["mode_de_vie","population","infrastructure"],"pratiques":["documentation","ecrits","son"],"drone":"a_verifier"}},{"type":"Feature","geometry":{"type":"Point","coordinates":[-7.44,38.47]},"properties":{"id":"I-68","nom":"Montaria et grands domaines","type":"interet","pays":"PT","natures":["mode_de_vie","population"],"pratiques":["documentation","son"],"drone":"a_verifier"}},{"type":"Feature","geometry":{"type":"Point","coordinates":[-6.27,53.34]},"properties":{"id":"I-680","nom":"Pubs, sessions et musique de comptoir","type":"interet","pays":"IE","natures":["mode_de_vie","evenement","population"],"pratiques":["son","video","documentation"],"drone":"a_verifier"}},{"type":"Feature","geometry":{"type":"Point","coordinates":[-6.25,53.36]},"properties":{"id":"I-681","nom":"Croke Park et les sports gaéliques","type":"interet","pays":"IE","natures":["evenement","population","sport"],"pratiques":["video","son","documentation"],"drone":"a_verifier"}},{"type":"Feature","geometry":{"type":"Point","coordinates":[-6.3,53.36]},"properties":{"id":"I-682","nom":"Les Travellers","type":"interet","pays":"IE","natures":["population","mode_de_vie"],"pratiques":["documentation","son","ecrits"],"drone":"a_verifier"}},{"type":"Feature","geometry":{"type":"Point","coordinates":[-6.24,53.35]},"properties":{"id":"I-683","nom":"Docks, données et la ville des sièges sociaux","type":"interet","pays":"IE","natures":["infrastructure","mode_de_vie","architecture"],"pratiques":["documentation","ecrits"],"drone":"a_verifier"}},{"type":"Feature","geometry":{"type":"Point","coordinates":[-6.25,53.33]},"properties":{"id":"I-684","nom":"Jour de repos à Dublin","type":"interet","pays":"IE","natures":["mode_de_vie"],"pratiques":["documentation","dessin"],"drone":"a_verifier"}},{"type":"Feature","geometry":{"type":"Point","coordinates":[-4.55,53.3]},"properties":{"id":"I-685","nom":"Anglesey — épaves et courants du détroit","type":"interet","pays":"GB","natures":["nature","sport","patrimoine"],"pratiques":["plongee","documentation"],"drone":"a_verifier"}},{"type":"Feature","geometry":{"type":"Point","coordinates":[-4.1,53.1]},"properties":{"id":"I-686","nom":"Fermes de montagne et la transhumance galloise","type":"interet","pays":"GB","natures":["mode_de_vie","population","nature"],"pratiques":["documentation","son"],"drone":"a_verifier"}},{"type":"Feature","geometry":{"type":"Point","coordinates":[-4.1,52.91]},"properties":{"id":"I-687","nom":"Portmeirion et le village inventé","type":"interet","pays":"GB","natures":["architecture","patrimoine"],"pratiques":["documentation","dessin"],"drone":"a_verifier"}},{"type":"Feature","geometry":{"type":"Point","coordinates":[-5.68,50.13]},"properties":{"id":"I-688","nom":"Mines d'étain et le paysage cornique","type":"interet","pays":"GB","natures":["patrimoine","infrastructure","paysage"],"pratiques":["documentation","drone"],"drone":"a_verifier"}},{"type":"Feature","geometry":{"type":"Point","coordinates":[-5.5,50.13]},"properties":{"id":"I-689","nom":"Le cornique et les chapelles méthodistes","type":"interet","pays":"GB","natures":["population","patrimoine","mode_de_vie"],"pratiques":["son","documentation","ecrits"],"drone":"a_verifier"}},{"type":"Feature","geometry":{"type":"Point","coordinates":[-7.42,38.35]},"properties":{"id":"I-69","nom":"Levée du liège","type":"interet","pays":"PT","natures":["mode_de_vie","infrastructure"],"pratiques":["documentation","son","video"],"drone":"a_verifier"}},{"type":"Feature","geometry":{"type":"Point","coordinates":[-5.05,50.03]},"properties":{"id":"I-690","nom":"Épaves des Manacles","type":"interet","pays":"GB","natures":["nature","patrimoine","sport"],"pratiques":["plongee","documentation"],"drone":"a_verifier"}},{"type":"Feature","geometry":{"type":"Point","coordinates":[-5.65,50.04]},"properties":{"id":"I-691","nom":"Minack et les théâtres de falaise","type":"interet","pays":"GB","natures":["evenement","architecture","paysage"],"pratiques":["documentation","son","dessin"],"drone":"a_verifier"}},{"type":"Feature","geometry":{"type":"Point","coordinates":[12.48,41.88]},"properties":{"id":"I-692","nom":"Testaccio — le marché et le quartier","type":"interet","pays":"IT","natures":["mode_de_vie","population"],"pratiques":["documentation","son"],"drone":"a_verifier"}},{"type":"Feature","geometry":{"type":"Point","coordinates":[12.4,41.84]},"properties":{"id":"I-693","nom":"Corviale — le kilomètre habité","type":"interet","pays":"IT","natures":["architecture","mode_de_vie","population"],"pratiques":["documentation","son"],"drone":"a_verifier"}},{"type":"Feature","geometry":{"type":"Point","coordinates":[12.53,41.83]},"properties":{"id":"I-694","nom":"Via Appia et la campagne des aqueducs","type":"interet","pays":"IT","natures":["patrimoine","paysage"],"pratiques":["documentation","dessin"],"drone":"a_verifier"}},{"type":"Feature","geometry":{"type":"Point","coordinates":[12.47,41.83]},"properties":{"id":"I-695","nom":"EUR — le quotidien dans le décor mussolinien","type":"interet","pays":"IT","natures":["architecture","infrastructure"],"pratiques":["documentation","dessin"],"drone":"a_verifier"}},{"type":"Feature","geometry":{"type":"Point","coordinates":[12.48,41.86]},"properties":{"id":"I-696","nom":"Garbatella — la cité-jardin populaire","type":"interet","pays":"IT","natures":["architecture","mode_de_vie","population"],"pratiques":["documentation","son"],"drone":"a_verifier"}},{"type":"Feature","geometry":{"type":"Point","coordinates":[23.73,38]},"properties":{"id":"I-697","nom":"Exarcheia — le quartier qui s'administre","type":"interet","pays":"GR","natures":["population","mode_de_vie"],"pratiques":["documentation","son"],"drone":"a_verifier"}},{"type":"Feature","geometry":{"type":"Point","coordinates":[23.73,37.98]},"properties":{"id":"I-698","nom":"Varvakios — le marché central","type":"interet","pays":"GR","natures":["mode_de_vie","population"],"pratiques":["documentation","son"],"drone":"a_verifier"}},{"type":"Feature","geometry":{"type":"Point","coordinates":[23.65,37.94]},"properties":{"id":"I-699","nom":"Le Pirée — la porte des îles","type":"interet","pays":"GR","natures":["infrastructure","mode_de_vie"],"pratiques":["documentation","video"],"drone":"a_verifier"}},{"type":"Feature","geometry":{"type":"Point","coordinates":[-7.37,38.35]},"properties":{"id":"I-70","nom":"Village englouti de Luz et son remplaçant","type":"interet","pays":"PT","natures":["mode_de_vie","architecture"],"pratiques":["documentation","son","ecrits"],"drone":"a_verifier"}},{"type":"Feature","geometry":{"type":"Point","coordinates":[23.73,37.97]},"properties":{"id":"I-700","nom":"Anafiotika — un village cycladique sous l'Acropole","type":"interet","pays":"GR","natures":["architecture","patrimoine"],"pratiques":["dessin","documentation"],"drone":"a_verifier"}},{"type":"Feature","geometry":{"type":"Point","coordinates":[23.71,37.98]},"properties":{"id":"I-701","nom":"Rebetiko en taverne","type":"interet","pays":"GR","natures":["evenement","population","mode_de_vie"],"pratiques":["son","documentation"],"drone":"a_verifier"}},{"type":"Feature","geometry":{"type":"Point","coordinates":[4.89,52.36]},"properties":{"id":"I-702","nom":"Albert Cuyp et De Pijp","type":"interet","pays":"NL","natures":["mode_de_vie","population"],"pratiques":["documentation","son"],"drone":"a_verifier"}},{"type":"Feature","geometry":{"type":"Point","coordinates":[4.89,52.38]},"properties":{"id":"I-703","nom":"Woonboten — la vie sur l'eau","type":"interet","pays":"NL","natures":["mode_de_vie","infrastructure"],"pratiques":["documentation","son","video"],"drone":"a_verifier"}},{"type":"Feature","geometry":{"type":"Point","coordinates":[4.95,52.32]},"properties":{"id":"I-704","nom":"Bijlmermeer — l'utopie corrigée","type":"interet","pays":"NL","natures":["architecture","population","mode_de_vie"],"pratiques":["documentation","son"],"drone":"a_verifier"}},{"type":"Feature","geometry":{"type":"Point","coordinates":[4.9,52.37]},"properties":{"id":"I-705","nom":"Le vélo comme infrastructure totale","type":"interet","pays":"NL","natures":["infrastructure","mode_de_vie"],"pratiques":["documentation","video"],"drone":"a_verifier"}},{"type":"Feature","geometry":{"type":"Point","coordinates":[4.89,52.4]},"properties":{"id":"I-706","nom":"NDSM et les friches du IJ","type":"interet","pays":"NL","natures":["infrastructure","architecture"],"pratiques":["documentation","dessin"],"drone":"a_verifier"}},{"type":"Feature","geometry":{"type":"Point","coordinates":[10.73,59.9]},"properties":{"id":"I-707","nom":"Saunas flottants et bain d'hiver","type":"interet","pays":"NO","natures":["mode_de_vie"],"pratiques":["documentation","video"],"drone":"a_verifier"}},{"type":"Feature","geometry":{"type":"Point","coordinates":[10.76,59.91]},"properties":{"id":"I-708","nom":"Grønland et Tøyen — l'Oslo immigré","type":"interet","pays":"NO","natures":["population","mode_de_vie"],"pratiques":["documentation","son"],"drone":"a_verifier"}},{"type":"Feature","geometry":{"type":"Point","coordinates":[10.67,59.98]},"properties":{"id":"I-709","nom":"La Marka — forêt métropolitaine et friluftsliv","type":"interet","pays":"NO","natures":["nature","mode_de_vie"],"pratiques":["documentation","rando"],"drone":"a_verifier"}},{"type":"Feature","geometry":{"type":"Point","coordinates":[-8.8,37.52]},"properties":{"id":"I-71","nom":"Pêcheurs de falaise","type":"interet","pays":"PT","natures":["mode_de_vie","population"],"pratiques":["documentation","video"],"drone":"a_verifier"}},{"type":"Feature","geometry":{"type":"Point","coordinates":[10.74,59.91]},"properties":{"id":"I-710","nom":"Oslo électrique","type":"interet","pays":"NO","natures":["infrastructure","mode_de_vie"],"pratiques":["documentation","ecrits"],"drone":"a_verifier"}},{"type":"Feature","geometry":{"type":"Point","coordinates":[1.56,50.21]},"properties":{"id":"I-711","nom":"Le Hourdel — phoques au jusant","type":"interet","pays":"FR","natures":["nature","paysage"],"pratiques":["documentation","dessin"],"drone":"a_verifier"}},{"type":"Feature","geometry":{"type":"Point","coordinates":[1.6,50.27]},"properties":{"id":"I-712","nom":"Marquenterre — dunes et guetteurs d'oiseaux","type":"interet","pays":"FR","natures":["nature","mode_de_vie"],"pratiques":["documentation","son"],"drone":"a_verifier"}},{"type":"Feature","geometry":{"type":"Point","coordinates":[-8.78,37.72]},"properties":{"id":"I-72","nom":"Estuaire du Mira et pêche traditionnelle","type":"interet","pays":"PT","natures":["mode_de_vie","nature"],"pratiques":["documentation","son"],"drone":"a_verifier"}},{"type":"Feature","geometry":{"type":"Point","coordinates":[-8.64,37.6]},"properties":{"id":"I-73","nom":"Serres d'Odemira et main-d'œuvre saisonnière","type":"interet","pays":"PT","natures":["mode_de_vie","infrastructure","population"],"pratiques":["documentation","son"],"drone":"a_verifier"}},{"type":"Feature","geometry":{"type":"Point","coordinates":[-8.99,36.99]},"properties":{"id":"I-74","nom":"Plongée sur la réserve du cap","type":"interet","pays":"PT","natures":["nature","sport"],"pratiques":["plongee","documentation","video"],"drone":"a_verifier"}},{"type":"Feature","geometry":{"type":"Point","coordinates":[-8.95,36.99]},"properties":{"id":"I-75","nom":"Forteresse et rose des vents","type":"interet","pays":"PT","natures":["patrimoine","architecture"],"pratiques":["documentation","dessin"],"drone":"a_verifier"}},{"type":"Feature","geometry":{"type":"Point","coordinates":[-8.92,37.02]},"properties":{"id":"I-76","nom":"Port de pêche de Baleeira","type":"interet","pays":"PT","natures":["mode_de_vie","population"],"pratiques":["documentation","son"],"drone":"a_verifier"}},{"type":"Feature","geometry":{"type":"Point","coordinates":[-8.9,37.19]},"properties":{"id":"I-77","nom":"Dunes et falaises de Carrapateira","type":"interet","pays":"PT","natures":["paysage","nature"],"pratiques":["documentation","drone","dessin"],"drone":"a_verifier"}},{"type":"Feature","geometry":{"type":"Point","coordinates":[-5.39,36.84]},"properties":{"id":"I-78","nom":"Nuit d'observation en réserve Starlight","type":"interet","pays":"ES","natures":["ciel"],"pratiques":["astro","documentation"],"drone":"a_verifier"}},{"type":"Feature","geometry":{"type":"Point","coordinates":[-5.34,36.78]},"properties":{"id":"I-79","nom":"Élevage caprin et fromageries","type":"interet","pays":"ES","natures":["mode_de_vie","population"],"pratiques":["documentation","son"],"drone":"a_verifier"}},{"type":"Feature","geometry":{"type":"Point","coordinates":[-5.37,36.76]},"properties":{"id":"I-80","nom":"Tissage de couvertures de Grazalema","type":"interet","pays":"ES","natures":["mode_de_vie","patrimoine"],"pratiques":["documentation","son","video"],"drone":"a_verifier"}},{"type":"Feature","geometry":{"type":"Point","coordinates":[-5.42,36.8]},"properties":{"id":"I-81","nom":"Routes de sierra et pueblos blancos","type":"interet","pays":"ES","natures":["paysage","architecture"],"pratiques":["documentation","moto"],"drone":"a_verifier"}},{"type":"Feature","geometry":{"type":"Point","coordinates":[-4.85,38.38]},"properties":{"id":"I-82","nom":"Nuits d'observation en dehesa","type":"interet","pays":"ES","natures":["ciel"],"pratiques":["astro","documentation"],"drone":"a_verifier"}},{"type":"Feature","geometry":{"type":"Point","coordinates":[-4.8,38.42]},"properties":{"id":"I-83","nom":"Montanera et porc ibérique en dehesa","type":"interet","pays":"ES","natures":["mode_de_vie","nature"],"pratiques":["documentation","son"],"drone":"a_verifier"}},{"type":"Feature","geometry":{"type":"Point","coordinates":[-5.28,38.3]},"properties":{"id":"I-84","nom":"Chevalements et corons du Guadiato","type":"interet","pays":"ES","natures":["infrastructure","patrimoine","mode_de_vie"],"pratiques":["documentation","photogrammetrie","son"],"drone":"a_verifier"}},{"type":"Feature","geometry":{"type":"Point","coordinates":[-5.2,38.35]},"properties":{"id":"I-85","nom":"Villages de la dehesa et dépeuplement","type":"interet","pays":"ES","natures":["mode_de_vie","population"],"pratiques":["documentation","son"],"drone":"a_verifier"}},{"type":"Feature","geometry":{"type":"Point","coordinates":[-3.9,37.45]},"properties":{"id":"I-86","nom":"Récolte des olives et saisonniers","type":"interet","pays":"ES","natures":["mode_de_vie","population"],"pratiques":["documentation","son","video"],"drone":"a_verifier"}},{"type":"Feature","geometry":{"type":"Point","coordinates":[-3.96,37.48]},"properties":{"id":"I-87","nom":"Moulins à huile en campagne","type":"interet","pays":"ES","natures":["infrastructure","mode_de_vie"],"pratiques":["documentation","son"],"drone":"a_verifier"}},{"type":"Feature","geometry":{"type":"Point","coordinates":[-3.92,37.46]},"properties":{"id":"I-88","nom":"Forteresse de la Mota","type":"interet","pays":"ES","natures":["patrimoine","architecture"],"pratiques":["documentation","dessin"],"drone":"a_verifier"}},{"type":"Feature","geometry":{"type":"Point","coordinates":[-3.83,37.51]},"properties":{"id":"I-89","nom":"Dernière nuit d'observation du transect","type":"interet","pays":"ES","natures":["ciel"],"pratiques":["astro"],"drone":"a_verifier"}},{"type":"Feature","geometry":{"type":"Point","coordinates":[-2.1,36.73]},"properties":{"id":"I-90","nom":"Plongée en réserve marine","type":"interet","pays":"ES","natures":["nature","sport"],"pratiques":["plongee","documentation","video"],"drone":"a_verifier"}},{"type":"Feature","geometry":{"type":"Point","coordinates":[-2.04,36.85]},"properties":{"id":"I-91","nom":"Mines d'or de Rodalquilar","type":"interet","pays":"ES","natures":["infrastructure","patrimoine"],"pratiques":["documentation"],"drone":"a_verifier"}},{"type":"Feature","geometry":{"type":"Point","coordinates":[-2.81,36.78]},"properties":{"id":"I-92","nom":"Mer de serres d'El Ejido","type":"interet","pays":"ES","natures":["infrastructure","mode_de_vie","population"],"pratiques":["documentation","drone","son"],"drone":"a_verifier"}},{"type":"Feature","geometry":{"type":"Point","coordinates":[-2.44,37.05]},"properties":{"id":"I-93","nom":"Décors de cinéma du désert","type":"interet","pays":"ES","natures":["architecture","patrimoine"],"pratiques":["documentation","dessin"],"drone":"a_verifier"}},{"type":"Feature","geometry":{"type":"Point","coordinates":[-2.38,37.01]},"properties":{"id":"I-94","nom":"Cortijos abandonnés du désert","type":"interet","pays":"ES","natures":["architecture","mode_de_vie"],"pratiques":["documentation"],"drone":"a_verifier"}},{"type":"Feature","geometry":{"type":"Point","coordinates":[0.75,40.74]},"properties":{"id":"I-95","nom":"Rizières et travail de l'eau","type":"interet","pays":"ES","natures":["mode_de_vie","infrastructure"],"pratiques":["documentation","son","drone"],"drone":"a_verifier"}},{"type":"Feature","geometry":{"type":"Point","coordinates":[0.71,40.6]},"properties":{"id":"I-96","nom":"Salines de la Trinitat","type":"interet","pays":"ES","natures":["infrastructure","paysage"],"pratiques":["documentation","drone"],"drone":"a_verifier"}},{"type":"Feature","geometry":{"type":"Point","coordinates":[0.59,40.62]},"properties":{"id":"I-97","nom":"Pêche lagunaire et bateys","type":"interet","pays":"ES","natures":["mode_de_vie","population"],"pratiques":["documentation","son"],"drone":"a_verifier"}},{"type":"Feature","geometry":{"type":"Point","coordinates":[2.03,42.51]},"properties":{"id":"I-98","nom":"Journées de ski et domaine hors saison","type":"interet","pays":"FR","natures":["sport"],"pratiques":["ski","documentation","video"],"drone":"a_verifier"}},{"type":"Feature","geometry":{"type":"Point","coordinates":[2.03,42.49]},"properties":{"id":"I-99","nom":"Four solaire d'Odeillo","type":"interet","pays":"FR","natures":["infrastructure","architecture"],"pratiques":["documentation","photogrammetrie"],"drone":"a_verifier"}},{"type":"Feature","geometry":{"type":"Point","coordinates":[-3.08,47.6]},"properties":{"id":"S-01","nom":"Alignements de Carnac","type":"site","pays":"FR","pratiques":["photogrammetrie"],"drone":"interdit"}},{"type":"Feature","geometry":{"type":"Point","coordinates":[-2.43,37.04]},"properties":{"id":"S-02","nom":"Désert de Tabernas — décors et mines","type":"site","pays":"ES","pratiques":["photogrammetrie","documentation"],"drone":"a_verifier"}},{"type":"Feature","geometry":{"type":"Point","coordinates":[-7.6,41.2]},"properties":{"id":"S-03","nom":"Terrasses du Haut-Douro","type":"site","pays":"PT","pratiques":["photogrammetrie","drone"],"drone":"soumis_autorisation"}},{"type":"Feature","geometry":{"type":"Point","coordinates":[16.61,40.67]},"properties":{"id":"S-05","nom":"Sassi et églises rupestres de Matera","type":"site","pays":"IT","pratiques":["photogrammetrie","documentation"],"drone":"soumis_autorisation"}},{"type":"Feature","geometry":{"type":"Point","coordinates":[6.64,44.9]},"properties":{"id":"S-06","nom":"Fortifications Vauban de Briançon","type":"site","pays":"FR","pratiques":["photogrammetrie","documentation"],"drone":"a_verifier"}},{"type":"Feature","geometry":{"type":"Point","coordinates":[11.34,58.7]},"properties":{"id":"S-07","nom":"Gravures rupestres de Tanum","type":"site","pays":"SE","pratiques":["photogrammetrie"],"drone":"a_verifier"}},{"type":"Feature","geometry":{"type":"Point","coordinates":[12.54,54.97]},"properties":{"id":"S-08","nom":"Falaises de Møns Klint","type":"site","pays":"DK","pratiques":["photogrammetrie","astro"],"drone":"a_verifier"}},{"type":"Feature","geometry":{"type":"Point","coordinates":[8.61,57.12]},"properties":{"id":"S-09","nom":"Bunkers de l'Atlantikwall — Hanstholm","type":"site","pays":"DK","pratiques":["photogrammetrie","documentation"],"drone":"a_verifier"}},{"type":"Feature","geometry":{"type":"Point","coordinates":[22.5,38.48]},"properties":{"id":"S-10","nom":"Delphes et Olympie","type":"site","pays":"GR","pratiques":["photogrammetrie","documentation"],"drone":"interdit"}}]}
